timestamp,open,high,low,close,volume,MACD,Signal Line
2024-03-08,951.379,974.0,865.06,875.28,114226906,0.0,0.0
2024-03-07,901.58,927.67,896.0201,926.69,60811916,4.101082621082583,0.8202165242165166
2024-03-06,880.22,897.24,870.3001,887.0,58252030,4.101291710294504,1.476431561432114
2024-03-05,852.7,860.97,834.1701,859.64,52063930,1.8721530569956712,1.5555758605448256
2024-03-04,841.3,876.95,837.19,852.37,61561645,-0.475601193389366,1.1493404497579873
2024-03-01,800.0,823.0,794.3503,822.79,47913510,-4.669247957156699,-0.014377231624949971
2024-02-29,790.94,799.9,783.5,791.12,50728898,-10.428039604471337,-2.0971097061942277
2024-02-28,776.2,789.33,771.25,776.63,39311040,-15.976972779951666,-4.8730823209457155
2024-02-27,793.81,794.8,771.62,787.01,39170524,-19.314319595157713,-7.7613297757881154
2024-02-26,797.0,806.4599,785.05,790.92,50397273,-21.397034967810214,-10.488470814192535
2024-02-23,807.9,823.94,775.7,788.17,82938837,-23.004324391195382,-12.991641529593107
2024-02-22,750.25,785.75,742.2,785.38,86509974,-24.224003291098825,-15.23811388189425
2024-02-21,680.06,688.88,662.48,674.72,69029813,-33.731113502805556,-18.93671380607651
2024-02-20,719.47,719.56,677.34,694.52,70483310,-39.21581679114786,-22.992534403090783
2024-02-16,741.0,744.02,725.01,726.13,49532662,-40.54444966046265,-26.502917454565157
2024-02-15,738.69,739.75,724.0,726.58,42012181,-41.08745889242766,-29.41982574213766
2024-02-14,732.02,742.36,719.38,739.0,50491742,-40.05389109533564,-31.54663881277726
2024-02-13,704.0,734.5,696.2,721.28,60258015,-40.20122240991782,-33.27755553220537
2024-02-12,726.0,746.11,712.5,722.48,61371018,-39.76279284259715,-34.57460299428373
2024-02-09,705.33,721.85,702.12,721.33,43663689,-39.057894545208114,-35.471261304468605
2024-02-08,700.74,707.94,694.55,696.41,41442211,-40.048439815969346,-36.386697006768756
2024-02-07,683.19,702.2,676.0,700.99,49557455,-40.00275944615578,-37.10990949464616
2024-02-06,696.3,697.5399,663.0,682.23,68311136,-41.00762229663064,-37.88945205504306
2024-02-05,682.25,694.97,672.05,693.32,68007801,-40.44291231000386,-38.40014410603522
2024-02-02,639.74,666.0,636.9,661.6,47657765,-42.069958191592605,-39.1341069231467
2024-02-01,621.0,631.91,616.5,630.27,36914579,-45.36453877469944,-40.38019329345725
2024-01-31,614.4,622.6902,607.0,615.27,45379487,-48.62536927400299,-42.0292284895664
2024-01-30,629.0,634.93,622.6,627.74,41073530,-49.63125790708716,-43.54963437307055
2024-01-29,612.32,624.89,609.07,624.65,34873298,-50.1002446377704,-44.85975642601052
2024-01-26,609.6,617.83,605.73,610.31,39030859,-51.04067304912871,-46.09593975063416
2024-01-25,623.5,627.19,608.5,616.17,48277684,-50.72835145632837,-47.022422091773
2024-01-24,603.04,628.49,599.38,613.62,55706870,-50.10897298383429,-47.63973227018526
2024-01-23,595.7,599.1,585.85,598.73,29465445,-50.24046879046887,-48.159879574241984
2024-01-22,600.49,603.31,590.7,596.54,45295463,-49.94565247041953,-48.517034153477496
2024-01-19,579.89,595.0,572.25,594.91,54350148,-49.275518288381704,-48.668730980458335
2024-01-18,572.6,576.0,561.07,571.07,49165036,-50.09070639888341,-48.953126064143355
2024-01-17,563.47,564.7068,547.4,560.53,47439444,-50.99935000228061,-49.36237085177081
2024-01-16,550.18,568.3499,549.0,563.82,44957973,-50.86761094508711,-49.66341887043407
2024-01-12,546.2,549.7,543.3008,547.1,35299360,-51.51849788380912,-50.03443467310908
2024-01-11,549.99,553.46,535.6,548.22,59675877,-51.35200191974468,-50.29794812243621
2024-01-10,536.16,546.0,534.89,543.5,53379576,-51.01287258129241,-50.44093301420746
2024-01-09,524.01,543.25,516.9,531.4,77310006,-51.131071845111364,-50.57896078038824
2024-01-08,495.12,522.75,494.79,522.53,64250990,-51.34856617607943,-50.732881859526486
2024-01-05,484.62,495.47,483.0601,490.97,41080455,-53.4514057097316,-51.27658662956751
2024-01-04,477.67,485.0,475.08,479.98,30653489,-55.366491888977635,-52.09456768144953
2024-01-03,474.85,481.841,473.2,475.69,32089617,-56.578180583384324,-52.99129026183649
2024-01-02,492.44,492.95,475.95,481.68,41125422,-56.404908984034705,-53.67401400627614
2023-12-29,498.13,499.97,487.51,495.22,38929330,-54.54624993629329,-53.84846119227957
2023-12-28,496.43,498.8399,494.12,495.22,24658748,-52.46842589676612,-53.57245413317689
2023-12-27,495.11,496.8,490.85,494.17,23215431,-50.32633098378301,-52.92322950329812
2023-12-26,489.68,496.0,489.6,492.79,24419952,-48.18461752222896,-51.97550710708428
2023-12-22,491.95,493.83,484.67,488.3,25250676,-46.31570107773814,-50.84354590121506
2023-12-21,488.11,490.95,484.19,489.9,30042535,-44.19600071720845,-49.51403686441374
2023-12-20,496.55,499.99,480.98,481.11,39789439,-42.732805269873666,-48.157790545505726
2023-12-19,494.24,497.0,488.95,496.04,46313248,-39.908446383558726,-46.50792171311633
2023-12-18,494.0,504.3299,491.5,500.77,41258717,-36.863510545180134,-44.579039479529094
2023-12-15,481.94,494.04,481.2,488.9,47994758,-35.00467465419774,-42.66416651446283
2023-12-14,483.9,486.7,474.22,483.5,39123174,-33.5801773076538,-40.84736867310102
2023-12-13,476.29,485.94,476.08,480.88,44779186,-32.290440898735824,-39.13598311822798
2023-12-12,460.46,476.66,460.46,476.57,37238686,-31.25579908663508,-37.55994631190941
2023-12-11,474.91,475.31,458.3,466.27,50972809,-30.91064326135222,-36.23008570179797
2023-12-08,465.95,477.4085,465.5,475.06,35922370,-29.586767406656577,-34.901422042769696
2023-12-07,457.0,466.29,456.04,465.96,35082255,-28.93829752156273,-33.708797138528304
2023-12-06,472.145,473.87,454.12,455.03,36778599,-28.972364733850327,-32.76151065759271
2023-12-05,454.66,466.0,452.71,465.66,37171762,-27.820908963034583,-31.773390318681084
2023-12-04,460.77,460.77,450.1,455.1,43754344,-27.444117017660062,-30.90753565847688
2023-12-01,465.25,472.0,461.87,467.65,36931701,-25.835016581624075,-29.89303184310632
2023-11-30,480.24,481.1,464.22,467.7,52624663,-24.275920609440618,-28.76960959637318
2023-11-29,483.79,487.62,478.6,481.4,38200465,-21.684880510328924,-27.35266377916433
2023-11-28,482.36,483.229,474.73,478.21,40149085,-19.66221512771625,-25.814574048874718
2023-11-27,478.0,485.3,476.52,482.42,39566190,-17.517594498857704,-24.155178138871317
2023-11-24,484.7001,489.21,477.45,477.76,29464464,-16.009443356602617,-22.52603118241758
2023-11-22,498.52,503.3494,476.9,487.16,90064233,-13.895542110031272,-20.79993336794032
2023-11-21,501.26,505.17,492.22,499.44,56574687,-11.101396778842513,-18.86022605012076
2023-11-20,493.12,505.48,491.8101,504.09,41614260,-8.414799761200698,-16.77114079233675
2023-11-17,495.24,497.17,490.07,492.98,32589691,-7.100288710214102,-14.836970375912221
2023-11-16,486.79,495.2469,483.3,494.8,33975624,-5.844300978413003,-13.038436496412379
2023-11-15,499.35,499.6,482.0,488.88,47549735,-5.265913997903112,-11.483931996710526
2023-11-14,496.8,498.34,490.4001,496.56,41695387,-4.140101816615925,-10.015165960691606
2023-11-13,483.2,491.16,480.9901,486.2,38413570,-4.037313334791293,-8.819595435511543
2023-11-10,475.0,484.72,472.8301,483.35,42244156,-4.138122207039373,-7.88330078981711
2023-11-09,474.67,482.3,467.5,469.5,54049597,-5.274788734218987,-7.361598378697486
2023-11-08,461.0,468.67,459.68,465.74,34671894,-6.40517089956802,-7.170312882871593
2023-11-07,457.19,462.18,451.575,459.55,34316547,-7.711593725416208,-7.278569051380517
2023-11-06,452.845,459.35,448.99,457.51,40073335,-8.809998005207035,-7.584854842145821
2023-11-03,440.2,453.0899,437.23,450.05,42460959,-10.165272036322847,-8.100938280981225
2023-11-02,433.28,438.84,428.94,435.06,40917187,-12.307036339489684,-8.942157892682918
2023-11-01,408.84,423.81,408.69,423.25,43759290,-14.786913940666125,-10.11110910227956
2023-10-31,404.5,408.79,392.3001,407.8,51796870,-17.793804779870868,-11.647648237797823
2023-10-30,410.87,417.66,404.81,411.61,38802814,-19.642920909961504,-13.24670277223056
2023-10-27,411.3,412.06,400.15,405.0,41678441,-21.395101115474517,-14.876382440879352
2023-10-26,418.53,422.5555,398.8019,403.26,54100132,-22.662876477452244,-16.43368124819393
2023-10-25,433.98,436.5,415.55,417.79,39837922,-22.23879305475731,-17.59470360950661
2023-10-24,430.77,436.97,426.91,436.63,40146337,-20.150194440910695,-18.105801775787427
2023-10-23,412.29,432.4799,409.45,429.75,47853049,-18.833028068912256,-18.251247034412394
2023-10-20,418.9,424.7,410.78,413.87,47726605,-18.85321933792875,-18.371641495115664
2023-10-19,428.11,432.97,418.82,421.01,50123308,-18.084614556241604,-18.314236107340854
2023-10-18,425.91,432.19,418.25,421.96,62729434,-17.200555373367195,-18.091499960546123
2023-10-17,440.0,447.54,424.8,439.38,81233267,-14.92226905774345,-17.45765377998559
2023-10-16,450.63,462.25,449.12,460.95,37509924,-11.246548792707813,-16.215432782530037
2023-10-13,469.6,471.16,452.8,454.61,47542599,-8.744300165768664,-14.721206259177762
2023-10-12,467.77,476.09,463.3,469.45,48132500,-5.500381154169418,-12.877041238176094
2023-10-11,461.96,468.59,460.5,468.06,37813689,-3.007049949592556,-10.903042980459388
2023-10-10,453.1,462.59,450.88,457.98,36858208,-1.8234195192307538,-9.087118288213661
2023-10-09,448.42,456.05,443.68,452.73,40967472,-1.2940974496398212,-7.528514120498893
2023-10-06,441.93,457.89,440.26,457.62,43443602,-0.4745534070868871,-6.117721977816492
2023-10-05,440.5,449.0,438.88,446.88,39348309,-0.68380461697177,-5.030938505647548
2023-10-04,437.42,441.43,432.9201,440.41,36182086,-1.3560805834972598,-4.29596692121749
2023-10-03,448.08,451.3,432.46,435.17,47084954,-2.285344311305039,-3.893842399235
2023-10-02,440.3,451.75,438.61,447.82,43329821,-1.9782393195726513,-3.5107217833025306
2023-09-29,438.27,441.44,433.0694,434.99,39782993,-2.738561741211697,-3.356289774884364
2023-09-28,424.6,434.4631,421.15,430.89,42466279,-3.630112792453531,-3.4110543783981977
2023-09-27,423.3,428.72,416.2901,424.68,44493520,-4.782637259466924,-3.685370954611943
2023-09-26,420.01,428.2,416.55,419.11,40228209,-6.075439764853854,-4.1633847166603255
2023-09-25,415.91,425.36,411.77,422.22,41909096,-6.770992271754153,-4.684906227679091
2023-09-22,415.72,421.15,412.31,416.1,47923631,-7.726983640160313,-5.293321710175336
2023-09-21,415.83,421.0,409.8,410.17,45073596,-8.860971365946796,-6.006851641329628
2023-09-20,436.0,439.03,422.23,422.39,36710769,-8.673628742378412,-6.540207061539385
2023-09-19,438.33,439.66,430.02,435.2,37306424,-7.406125219726505,-6.713390693176809
2023-09-18,427.48,442.42,420.0,439.66,50027079,-5.9728831410706675,-6.565289182755581
2023-09-15,453.41,455.99,438.08,439.0,50683051,-4.8345552088922545,-6.219142387982917
2023-09-14,459.5,459.8699,451.31,455.81,37009720,-2.546639533152529,-5.484641817016839
2023-09-13,446.0,459.3,445.03,454.85,39835535,-0.8016726700156482,-4.5480479876166005
2023-09-12,447.38,456.73,445.31,448.7,34925634,0.08400419050485652,-3.6216375519923094
2023-09-11,461.48,461.63,443.12,451.78,47396555,1.0226512556932335,-2.6927797904552007
2023-09-08,459.42,466.06,452.71,455.72,47389994,2.0607063494368845,-1.7420825624767837
2023-09-07,455.25,463.44,451.52,462.41,43332989,3.384188757931895,-0.716828298395048
2023-09-06,484.41,485.49,465.8,470.61,46866957,5.0366699753233775,0.43387135634863716
2023-09-05,482.23,488.5081,478.6,485.48,38265258,7.460161869572289,1.8391294589933675
2023-09-01,497.62,498.0,481.416,485.09,46383030,9.242781879373354,3.319859943069365
2023-08-31,493.8,497.44,489.58,493.55,52856977,11.208962435435467,4.897680441542586
2023-08-30,490.44,499.27,484.25,492.64,73520598,12.549087230806776,6.427961799395424
2023-08-29,466.66,490.81,463.9101,487.84,70139699,13.073127030817886,7.756994845679918
2023-08-28,464.82,469.8,448.88,468.35,68519223,11.77996018432151,8.561587913408237
2023-08-25,470.12,478.05,450.24,460.18,92534052,9.980812823854876,8.845432895497565
2023-08-24,502.16,502.66,471.59,471.63,115604409,9.370873292733108,8.950520974944673
2023-08-23,458.66,472.0,452.08,471.16,77904608,8.748716984387158,8.91016017683317
2023-08-22,481.35,481.87,453.331,456.68,75720691,7.006472389707085,8.529422619407953
2023-08-21,444.94,470.65,442.22,469.67,69257337,6.597859417924099,8.143109979111182
2023-08-18,426.35,435.7799,416.6,432.99,58376787,3.2764918825622544,7.169786359801397
2023-08-17,439.7,440.62,430.01,433.435,45239482,0.6724404872495029,5.870317185291019
2023-08-16,445.2,446.75,434.06,434.86,52745068,-1.2617586456849494,4.443902019095826
2023-08-15,445.6,452.68,437.1,439.4,67651151,-2.400612568688416,3.0749991015389777
2023-08-14,404.86,438.0,403.11,437.53,69028583,-3.4146934192617096,1.7770605973788403
2023-08-11,417.51,420.18,406.39,408.55,53308526,-6.4820821948474645,0.12523203893357926
2023-08-10,421.6,435.74,418.35,423.88,49270530,-7.588531153556062,-1.417520599564349
2023-08-09,442.74,443.12,421.34,425.54,58644907,-8.23650647842959,-2.7813177753373974
2023-08-08,448.53,452.42,440.5601,446.64,35384343,-6.967125248875561,-3.6184792700450306
2023-08-07,451.11,455.4,445.6345,454.165,32215354,-5.292913456502674,-3.9533661073365596
2023-08-04,449.85,456.42,443.93,446.8,36266618,-4.508412326221958,-4.06437535111364
2023-08-03,438.0,451.18,438.0,445.15,32507660,-3.9740207019139575,-4.046304421273703
2023-08-02,458.31,458.4,433.87,442.69,53014157,-3.7062891364087136,-3.9783013643007052
2023-08-01,464.595,469.0,460.27,465.07,23927597,-1.6689918798286385,-3.516439467406292
2023-07-31,467.54,471.3,465.0601,467.29,25105528,0.12329505201984148,-2.7884925635210656
2023-07-28,466.68,470.27,463.81,467.5,33119424,1.5428555250974796,-1.9222229457973565
2023-07-27,465.19,473.95,457.5,459.0,45597552,1.9594017017241754,-1.1458980162930503
2023-07-26,460.21,460.53,446.3,454.52,36423726,1.906047262309471,-0.535508960572546
2023-07-25,449.41,461.825,449.23,456.79,34808091,2.023606635847159,-0.023685841288605014
2023-07-24,447.31,451.09,440.4,446.12,38309974,1.241482422683248,0.22934781150576558
2023-07-21,457.88,458.66,441.0,443.09,96376863,0.37284969245303046,0.2580481876952186
2023-07-20,465.07,470.87,450.62,455.2,53786451,0.6540878702788859,0.33725612421195206
2023-07-19,474.64,478.18,467.42,470.77,42750179,2.1090284612219534,0.6916105916139523
2023-07-18,467.01,478.9599,457.34,474.94,57019042,3.557554240892671,1.2647993214696962
2023-07-17,462.89,464.96,452.6241,464.61,51048822,3.827851598288362,1.7774097768334294
2023-07-14,465.8281,480.88,450.6,454.69,77207533,3.2046617603700156,2.062860173540747
2023-07-13,445.18,461.55,444.92,459.77,47820369,3.085129417153439,2.2673140222632853
2023-07-12,430.33,439.35,427.7728,439.02,48127702,1.301049895634435,2.074061196937515
2023-07-11,424.81,427.58,420.67,424.05,29824406,-1.3057480188962813,1.398099353770756
2023-07-10,426.57,428.11,416.49,421.8,35390811,-3.5127179175298124,0.41593589951064236
2023-07-07,423.22,432.14,421.8,425.03,35588147,-4.944130596886225,-0.6560773997687311
2023-07-06,418.44,421.79,413.46,421.03,30413879,-6.3283527177849805,-1.790532463371981
2023-07-05,421.35,431.77,420.85,423.17,32361756,-7.170026998058518,-2.8664313703092885
2023-07-03,425.17,428.98,422.02,424.13,19820919,-7.671167508266535,-3.827378597900738
2023-06-30,416.8,425.5,415.01,423.02,50114775,-8.064925258335222,-4.674887929987635
2023-06-29,415.58,416.0,406.0,408.22,38051430,-9.46214372054476,-5.6323390880990605
2023-06-28,406.6,418.45,405.18,411.17,58263927,-10.213672216913494,-6.548605713861948
2023-06-27,407.99,419.4,404.48,418.76,46217470,-10.08061138396124,-7.255006847881807
2023-06-26,424.61,427.64,401.0,406.32,59432192,-10.853847353768288,-7.974774949059103
2023-06-23,424.64,428.09,420.15,422.09,35813984,-10.077962744884701,-8.395412508224222
2023-06-22,422.53,434.255,422.34,430.25,41773743,-8.704287193823461,-8.45718744534407
2023-06-21,435.01,436.15,420.8,430.45,55160291,-7.512897093204856,-8.268329374916227
2023-06-20,429.98,439.9,426.74,438.08,45115311,-5.885193771145168,-7.791702254162016
2023-06-16,434.5,437.21,426.605,426.92,65570941,-5.433116310601008,-7.319985065449814
2023-06-15,426.02,432.89,421.47,426.53,56862204,-5.04811982372911,-6.865612017105674
2023-06-14,408.24,430.0,405.52,429.97,74046502,-4.414540014086185,-6.375397616501777
2023-06-13,401.86,411.01,397.4,410.22,61320816,-5.4433360035215514,-6.188985293905732
2023-06-12,392.0,395.2999,386.18,394.82,38967335,-7.4158304567427535,-6.434354326473137
2023-06-09,390.37,397.11,385.67,387.7,42771747,-9.444698413463243,-7.036423143871159
2023-06-08,377.24,388.64,375.05,385.1,41777240,-11.134042842079396,-7.855947083512806
2023-06-07,389.15,394.99,373.56,374.75,51199789,-13.156360638378885,-8.916029794486022
2023-06-06,388.3,391.6,381.48,386.54,38872914,-13.650354801993785,-9.862894795987575
2023-06-05,389.09,395.6503,387.07,391.71,39609381,-13.469406015059633,-10.584197039801987
2023-06-02,400.97,405.0,390.5801,393.27,48273121,-13.049695073557928,-11.077296646553176
2023-06-01,384.89,400.5,383.4,397.7,63587295,-12.218756927668494,-11.305588702776241
2023-05-31,394.88,402.95,378.22,378.34,99882681,-12.972879383992506,-11.639046839019494
2023-05-30,405.95,419.38,399.49,401.11,92340110,-11.599466728588311,-11.63113081693326
2023-05-26,378.9,391.7,375.5,389.46,71439676,-11.320588246678028,-11.569022302882214
2023-05-25,385.23,394.8,366.35,379.8,154391067,-11.74368244749843,-11.603954331805458
2023-05-24,302.1,306.07,298.06,305.38,72141851,-17.877973545605585,-12.858758174565484
2023-05-23,310.0,312.88,306.31,306.88,35625326,-22.36064635984212,-14.759135811620812
2023-05-22,309.01,315.2,306.8,311.76,37199967,-25.22860202501505,-16.85302905429966
2023-05-19,315.36,315.8,309.16,312.64,47390765,-27.11787097037825,-18.90599743751538
2023-05-18,304.1,318.28,303.2,316.78,74872501,-27.95877546067277,-20.71655304214686
2023-05-17,295.84,301.99,294.3001,301.78,43253541,-29.495566437847344,-22.47235572128696
2023-05-16,288.41,298.7,288.32,292.13,44940494,-31.133273711270817,-24.204539319283732
2023-05-15,285.085,289.69,281.52,289.53,29392587,-32.26898996581889,-25.817429448590765
2023-05-12,285.29,287.8,280.46,283.4,27422225,-33.28006121977171,-27.309955802826956
2023-05-11,288.96,289.5,282.46,285.78,32214903,-33.503093555834255,-28.548583353428416
2023-05-10,290.05,291.13,284.6128,288.85,36934998,-33.051132069207085,-29.44909309658415
2023-05-09,288.99,289.73,284.5,285.71,31486946,-32.570864442143545,-30.073447365696033
2023-05-08,285.22,292.2,283.5,291.51,34497890,-31.360730381713154,-30.330903968899456
2023-05-05,278.255,287.55,277.31,286.8,36149408,-30.43095890551598,-30.350914956222763
2023-05-04,276.51,278.59,272.4,275.62,32185041,-30.247565767122012,-30.330245118402615
2023-05-03,278.4,283.67,274.72,278.02,38338740,-29.567727088698007,-30.177741512461697
2023-05-02,286.8,288.3599,280.83,282.1,40272957,-28.372665707155534,-29.81672635140047
2023-05-01,278.4,290.5844,277.8,289.1,57032853,-26.554624274811374,-29.16430593608265
2023-04-28,272.25,277.58,270.7148,277.49,29221614,-25.753769884515407,-28.4821987257692
2023-04-27,273.63,274.95,266.2501,272.26,37716119,-25.250037585742007,-27.835766497763764
2023-04-26,270.02,273.3,267.051,269.56,40449391,-24.783010427606314,-27.225215283732275
2023-04-25,270.78,272.47,262.25,262.41,37852716,-24.70504886009138,-26.7211819990041
2023-04-24,270.13,273.6599,266.7101,270.42,33928186,-23.723454482578575,-26.121636495718995
2023-04-21,269.52,271.83,267.22,271.19,34510277,-22.622621799540582,-25.421833556483314
2023-04-20,276.71,280.3,270.0,271.04,42771326,-21.514304206852273,-24.640327686557107
2023-04-19,273.61,280.0,272.32,279.31,35866041,-19.741071856947144,-23.660476520635118
2023-04-18,275.335,281.1,273.57,276.67,60481154,-18.337416063067735,-22.595864429121644
2023-04-17,265.655,270.06,264.3318,270.02,31348982,-17.55919666828396,-21.588530876954106
2023-04-14,265.04,268.83,262.2,267.58,39566013,-16.944019687546984,-20.659628639072682
2023-04-13,267.34,268.869,263.29,264.63,35361528,-16.50427681446189,-19.828558274150524
2023-04-12,273.7,274.6799,264.475,264.95,44625895,-15.946138930255984,-19.052074405371616
2023-04-11,277.235,277.9,271.26,271.69,31437817,-14.78946521550489,-18.19955256739827
2023-04-10,268.23,276.2099,266.69,275.79,39527855,-13.387632929412064,-17.23716863980103
2023-04-06,265.84,270.8,264.27,270.37,39765434,-12.569130335699299,-16.303560978980684
2023-04-05,268.29,269.98,263.95,268.81,51501474,-11.90905986671413,-15.424660756527373
2023-04-04,279.66,280.0,273.07,274.53,36859153,-10.799898560623603,-14.49970831734662
2023-04-03,275.09,280.0,273.36,279.65,39871560,-9.39938872182762,-13.47964439824282
2023-03-31,271.4,278.3431,271.05,277.77,43393277,-8.344979147593392,-12.452711348112935
2023-03-30,272.29,274.99,271.02,273.83,36451574,-7.738077297152415,-11.509784537920831
2023-03-29,268.25,270.78,265.97,269.84,39369387,-7.4926917756143325,-10.70636598545953
2023-03-28,264.47,265.13,258.5,264.1,35610378,-7.672943098903659,-10.099681408148356
2023-03-27,268.37,270.0,263.65,265.31,36102574,-7.630200482120074,-9.605785222942702
2023-03-24,270.31,271.67,263.55,267.79,45541407,-7.311924067464815,-9.147012991847125
2023-03-23,271.155,274.99,266.9,271.91,56488876,-6.650574465470413,-8.647725286571783
2023-03-22,264.25,275.89,262.37,264.68,79729511,-6.633385182250095,-8.244857265707445
2023-03-21,261.8,263.92,253.81,261.99,54740776,-6.758910556567457,-7.9476679238794485
2023-03-20,256.15,260.24,251.2983,259.0,43274719,-7.018750544348109,-7.761884447973181
2023-03-17,259.82,263.99,256.68,257.25,84854656,-7.281944260764874,-7.66589641053152
2023-03-16,240.27,255.88,238.94,255.41,58494626,-7.551945670940256,-7.6431062626132675
2023-03-15,237.61,242.86,233.6,242.28,52448574,-8.724830585796326,-7.85945112724988
2023-03-14,234.96,242.19,234.6,240.63,47491013,-9.675953176229996,-8.222751537045903
2023-03-13,227.52,232.98,222.97,229.66,42189032,-11.185967135387642,-8.81539465671425
2023-03-10,234.09,236.27,227.26,229.65,47486565,-12.24234881694548,-9.500785488760496
2023-03-09,241.75,244.54,233.8284,234.36,50125699,-12.554757840195151,-10.111579959047427
2023-03-08,234.87,242.0,234.235,241.81,51357339,-12.062146586727579,-10.501693284583459
2023-03-07,236.0,241.25,232.41,232.88,51515388,-12.251101911370029,-10.851575009940774
2023-03-06,238.91,242.48,234.87,235.54,43742923,-12.047336403196823,-11.090727288591985
2023-03-03,233.2,239.0,231.3,238.9,41239330,-11.48236529105887,-11.169054889085363
2023-03-02,224.88,233.804,224.32,233.14,39007465,-11.368358120112504,-11.208915535290792
2023-03-01,231.92,232.5557,225.08,226.98,46002562,-11.64087833523871,-11.295308095280376
2023-02-28,233.72,238.25,232.06,232.16,45596280,-11.308512368910357,-11.297948950006372
2023-02-27,236.7,238.7994,234.54,235.01,45299367,-10.6918893198621,-11.17673702397752
2023-02-24,232.25,234.74,229.47,232.86,58971591,-10.258445172375758,-10.993078653657168
2023-02-23,234.4,238.88,230.25,236.64,111799541,-9.500408359702647,-10.694544594866265
2023-02-22,207.07,211.04,204.21,207.54,51318432,-11.119605633423703,-10.779556802577755
2023-02-21,210.0,214.938,206.18,206.55,41001455,-12.340462692510869,-11.091737980564378
2023-02-17,216.31,217.4,209.75,213.88,46588764,-12.571613235185879,-11.387713031488678
2023-02-16,221.33,225.5,219.268,220.02,41202628,-12.119647270214017,-11.534099879233747
2023-02-15,225.49,228.55,221.06,227.64,42118826,-11.01956399543306,-11.431192702473611
2023-02-14,215.78,230.488,213.66,229.71,67547350,-9.866968107836215,-11.118347783546133
2023-02-13,215.38,220.48,209.62,217.88,47491862,-9.795196764473019,-10.853717579731512
2023-02-10,216.9,220.7764,208.11,212.65,55073675,-10.044547458254328,-10.691883555436075
2023-02-09,226.06,230.2,221.2,223.37,52387578,-9.270283215966117,-10.407563487542083
2023-02-08,223.87,228.78,220.0801,222.05,55965122,-8.663320824247819,-10.058714954883232
2023-02-07,213.82,222.59,211.5,221.73,66414961,-8.114580251542634,-9.669888014215113
2023-02-06,208.06,215.7,207.86,210.89,45219709,-8.456910797126369,-9.427292570797364
2023-02-03,210.0,217.4499,207.89,211.0,42936595,-8.61996850894127,-9.265827758426147
2023-02-02,210.0,219.49,207.0,217.09,56427580,-8.163675052284106,-9.045397217197738
2023-02-01,196.91,211.92,196.11,209.43,66047704,-8.324200975959712,-8.901157968950134
2023-01-31,191.695,196.87,189.5,195.37,49801658,-9.476701902190342,-9.016266755598176
2023-01-30,199.5,201.4,191.5,191.62,48861115,-10.570807164596829,-9.327174837397907
2023-01-27,194.62,206.28,194.05,203.65,54214198,-10.347888983694787,-9.531317666657284
2023-01-26,197.01,201.66,192.78,198.02,48953542,-10.504430135595555,-9.725940160444939
2023-01-25,189.125,193.7,185.8,193.23,44953711,-10.889475993801597,-9.958647327116271
2023-01-24,188.27,194.95,188.2,192.65,49620410,-11.113321312979537,-10.189582124288924
2023-01-23,180.64,192.45,178.175,191.93,65516259,-11.219487060905493,-10.395563111612239
2023-01-20,170.11,178.56,168.25,178.39,56496712,-12.254921911150547,-10.7674348715199
2023-01-19,170.36,171.97,167.31,167.65,45293160,-13.783254948679854,-11.370598886951893
2023-01-18,176.67,178.73,172.82,173.77,43962355,-14.335387613995692,-11.963556632360653
2023-01-17,168.99,177.28,168.99,177.02,51110216,-14.345344686661946,-12.439914243220914
2023-01-13,162.78,169.22,161.65,168.99,44728706,-14.83023590101115,-12.917978574778962
2023-01-12,161.0,166.37,154.92,165.11,55140906,-15.350646557256141,-13.4045121712744
2023-01-11,158.3951,160.28,155.63,160.01,35328493,-15.990277167621798,-13.92166517054388
2023-01-10,155.07,159.6199,154.72,159.09,38410126,-16.38257719377583,-14.413847575190271
2023-01-09,152.84,160.56,151.41,156.28,50423056,-16.727398271887694,-14.876557714529756
2023-01-06,144.74,150.1,140.34,148.59,40504362,-17.42037890833558,-15.385321953290921
2023-01-05,144.91,145.64,141.4795,142.65,38916811,-18.23863577269404,-15.955984717171546
2023-01-04,145.67,148.53,142.41,147.49,43132360,-18.28577564337158,-16.421942902411555
2023-01-03,148.51,149.96,140.96,143.15,40127658,-18.460534509077632,-16.829661223744772
2022-12-30,143.34,146.2899,142.33,146.14,31048983,-18.148558868145585,-17.093440752624936
2022-12-29,144.02,146.83,142.27,146.03,35492324,-17.706087253533383,-17.215970052806625
2022-12-28,139.27,142.62,138.84,140.36,35106645,-17.609950378796896,-17.29476611800468
2022-12-27,150.74,151.0,140.56,141.21,46490226,-17.26614000253562,-17.28904089491087
2022-12-23,151.96,153.39,148.83,152.06,34932563,-15.934480704866104,-17.018128856901917
2022-12-22,160.935,161.38,148.82,153.39,56504527,-14.603471503502618,-16.53519738622206
2022-12-21,161.14,166.27,161.02,165.01,32502538,-12.467285132024102,-15.721614935382469
2022-12-20,160.64,163.1,158.52,160.85,40325979,-10.983409369389648,-14.773973822183907
2022-12-19,165.72,166.09,161.45,162.54,35403877,-9.560846770523455,-13.731348411851817
2022-12-16,168.642,170.41,164.1,165.71,47823193,-8.08447041220353,-12.60197281192216
2022-12-15,171.46,173.2,167.0,169.52,47854210,-6.53170294728389,-11.387918838994505
2022-12-14,179.87,182.52,174.2,176.74,49688810,-4.664757463973245,-10.043286563990254
2022-12-13,185.31,187.9,177.11,180.72,65658876,-2.831398382017909,-8.600908927595786
2022-12-12,170.37,175.38,167.97,175.35,45732780,-1.7911153590384572,-7.23895021388432
2022-12-09,171.6,175.83,169.75,170.01,46533819,-1.3816501375128212,-6.067490198610021
2022-12-08,162.73,171.79,159.59,171.69,51545554,-0.9110816575424394,-5.036208490396505
2022-12-07,157.72,161.86,156.67,161.2,37238758,-1.3688290688756979,-4.302732606092344
2022-12-06,165.3,165.73,158.19,159.87,35269427,-1.8179607550328,-3.8057782358804353
2022-12-05,166.79,169.95,164.7201,166.1,35225517,-1.6521469962665947,-3.3750519879576673
2022-12-02,166.59,169.3257,164.45,168.76,37138858,-1.2912143135151553,-2.9582844530691648
2022-12-01,169.99,172.65,166.35,171.35,47097657,-0.7871079174732643,-2.5240491459499848
2022-11-30,156.97,169.3,155.97,169.23,56529822,-0.5522996821985657,-2.1296992531997008
2022-11-29,158.27,159.32,155.2,156.39,29838449,-1.3863126069012992,-1.9810219239400206
2022-11-28,160.26,163.57,157.25,158.27,30415201,-1.8739715922735343,-1.9596118576067234
2022-11-25,163.18,164.87,161.72,162.7,16793430,-1.8812944828953562,-1.94394838266445
2022-11-23,160.98,165.27,160.4801,165.19,42724093,-1.6669600583637987,-1.8885507178043197
2022-11-22,153.28,160.5757,151.216,160.38,47286607,-1.8637412350600187,-1.8835888212554597
2022-11-21,151.47,154.77,150.8,153.17,40473931,-2.5718320004480972,-2.0212374570939873
2022-11-18,159.66,160.02,151.2001,154.09,49207165,-3.0239050274564647,-2.2217709711664826
2022-11-17,157.15,162.66,155.35,156.77,71089356,-3.1298436665375675,-2.4033855102406996
2022-11-16,161.615,163.62,158.73,159.1,64954684,-2.9913073448314833,-2.5209698771588567
2022-11-15,167.215,169.98,163.82,166.66,54587550,-2.2456015959753017,-2.4658962209221458
2022-11-14,162.18,165.4,159.22,162.95,52785245,-1.9317227147236338,-2.3590615196824434
2022-11-11,158.075,163.89,154.82,163.27,65548747,-1.6382652127204835,-2.2149022582900515
2022-11-10,148.0,157.73,145.47,157.5,70081925,-1.849963577672753,-2.1419145221665916
2022-11-09,141.615,142.11,137.5901,137.76,45441366,-3.5694427687017765,-2.4274201714736288
2022-11-08,148.01,148.9101,142.16,146.02,59529199,-4.217018285676602,-2.7853397943142233
2022-11-07,142.28,144.12,139.54,143.01,41006095,-4.916434792871399,-3.2115587940256587
2022-11-04,139.86,142.29,136.97,141.56,61257591,-5.524052457563982,-3.674057526733324
2022-11-03,130.43,137.81,129.56,134.21,50006486,-6.523478805028901,-4.24394178239244
2022-11-02,138.5,142.1,132.1124,132.19,67262784,-7.393303107971207,-4.873814047508194
2022-11-01,138.11,139.25,135.19,135.43,43281690,-7.732073680271043,-5.445465974060764
2022-10-31,137.78,138.38,132.97,134.97,48634099,-7.946072576742182,-5.945587294597049
2022-10-28,131.04,138.5,130.61,138.34,52103993,-7.754350087347859,-6.307339853147211
2022-10-27,136.3,138.38,131.22,131.76,58311308,-8.040671782695938,-6.654006239056956
2022-10-26,128.69,133.88,127.08,128.96,53553329,-8.396728133379526,-7.002550617921471
2022-10-25,126.935,133.0,126.64,132.61,50548233,-8.288832361027602,-7.259806966542698
2022-10-24,125.08,127.1,120.64,125.99,51745740,-8.637930176295697,-7.5354316084932975
2022-10-21,120.982,124.98,118.87,124.66,60949441,-8.919098775992381,-7.812165041993115
2022-10-20,121.13,127.69,121.05,121.94,65239761,-9.254725470615227,-8.100677127717539
2022-10-19,118.79,123.5,118.34,120.51,52313061,-9.526287975284276,-8.385799297230887
2022-10-18,123.44,124.92,116.18,119.67,65936206,-9.697497482073004,-8.648138934199311
2022-10-17,115.18,119.48,115.17,118.88,58077417,-9.784143135744259,-8.875339774508301
2022-10-14,120.57,121.11,112.04,112.27,71343199,-10.267821147757417,-9.153836049158125
2022-10-13,109.71,120.7799,108.13,119.6,85010301,-9.945029605628037,-9.312074760452107
2022-10-12,115.79,117.35,113.45,115.0,49259019,-9.945748145491024,-9.438809437459891
2022-10-11,115.61,118.46,112.83,115.86,66748163,-9.764365256261257,-9.503920601220166
2022-10-10,120.37,121.2432,114.0812,116.7,69869925,-9.443972790269143,-9.49193103902996
2022-10-07,125.05,126.7,120.22,120.76,67247816,-8.761454786540085,-9.345835788531986
2022-10-06,132.2,136.56,131.03,131.3,64415689,-7.286075099441362,-8.933883650713861
2022-10-05,129.107,133.21,126.21,132.09,50713073,-5.984098705282051,-8.3439266616275
2022-10-04,128.79,132.2,128.79,131.67,58418167,-4.929341146265159,-7.6610095585550315
2022-10-03,123.47,126.78,121.05,125.12,54747847,-4.569296435966834,-7.042666934037392
2022-09-30,120.87,126.33,120.75,121.39,56563842,-4.5326882277733915,-6.540671192784592
2022-09-29,124.48,125.0,119.4601,122.2,53276312,-4.387736631863717,-6.110084280600418
2022-09-28,124.1,128.23,123.5386,127.36,54241388,-3.8125439384089503,-5.650576212162125
2022-09-27,125.07,127.36,122.58,124.13,55385406,-3.5761104157488575,-5.235683052879471
2022-09-26,124.91,126.59,122.14,122.28,54734269,-3.497695428869875,-4.888085528077553
2022-09-23,124.2,126.11,122.57,125.16,66330931,-3.166655818877871,-4.543799586237617
2022-09-22,130.7,131.4897,124.28,125.61,75671089,-2.835309619381249,-4.202101592866343
2022-09-21,132.13,140.31,131.1,132.61,80767940,-1.9849921169906537,-3.7586796976912056
2022-09-20,132.145,134.8276,130.57,131.76,52481775,-1.3639742206220689,-3.2797386022773782
2022-09-19,130.12,134.63,130.1,133.82,56968528,-0.6975473876196361,-2.76330035934583
2022-09-16,127.415,132.12,126.17,131.98,67075140,-0.3142494713058568,-2.2734901817378352
2022-09-15,130.152,132.3299,127.9,129.29,52362516,-0.22495054004798476,-1.8637822533998651
2022-09-14,132.54,132.8999,129.13,131.28,58850654,0.006322987747182651,-1.4897612051704556
2022-09-13,138.02,139.22,130.99,131.31,71495563,0.18984130168647084,-1.1538407037990703
2022-09-12,143.69,145.47,141.98,145.05,48415924,1.4275283989131253,-0.6375668832566312
2022-09-09,141.57,144.74,141.26,143.87,48712842,2.286827083077469,-0.05268808998981117
2022-09-08,134.59,140.08,133.69,139.9,62487312,2.6173109286982026,0.4813117137477916
2022-09-07,135.63,138.38,133.46,137.14,51265746,2.626239173230715,0.9102972056443763
2022-09-06,137.31,137.79,133.51,134.65,53326958,2.404673106431602,1.2091723858018215
2022-09-02,141.0,141.71,135.91,136.47,74315746,2.3488629617151275,1.437110500984483
2022-09-01,142.09,143.8,132.7021,139.37,117886514,2.509708427117147,1.6516300862110156
2022-08-31,153.84,155.4,149.5851,150.94,57370986,3.5300892512684072,2.027321919222494
2022-08-30,159.6,160.39,151.82,154.68,53018069,4.58765155792517,2.539387846963029
2022-08-29,160.2,163.38,157.67,158.01,49371295,5.629586110913493,3.157427499753122
2022-08-26,178.57,179.24,162.37,162.6,76912743,6.747915619825562,3.875525123767611
2022-08-25,168.44,179.47,168.33,179.13,77069133,8.865832863334163,4.873586671680922
2022-08-24,170.12,174.06,168.95,172.22,52266071,9.872909531458163,5.873451243636371
2022-08-23,169.885,174.65,169.7,171.81,36998577,10.516711370797992,6.802103269068695
2022-08-22,174.9,175.58,169.66,170.34,40959271,10.78400100138279,7.598482815531515
2022-08-19,184.06,185.2,177.7,178.49,44158833,11.520663805956275,8.382919013616467
2022-08-18,183.01,188.6499,181.83,187.73,41544656,12.703625674998676,9.24706034589291
2022-08-17,185.23,186.88,181.45,183.35,44679911,13.136275279803954,10.02490333267512
2022-08-16,189.195,191.42,185.01,188.79,45123964,13.75950473906957,10.771823613954009
2022-08-15,187.01,191.64,186.13,190.32,45766556,14.213037737194298,11.460066438602068
2022-08-12,181.6,187.18,179.53,187.09,47809415,14.14873410054335,11.997799970990325
2022-08-11,181.31,187.07,178.76,179.42,50932655,13.325262771537126,12.263292531099687
2022-08-10,176.98,181.18,173.1701,180.97,59742246,12.65188480412155,12.34101098570406
2022-08-09,172.52,174.4719,167.24,170.86,66826265,11.173632723620813,12.10753533328741
2022-08-08,175.02,182.39,172.42,177.93,98378318,10.45211177481113,11.776450621592154
2022-08-05,188.1,192.2892,186.66,189.89,38606829,10.721779273324216,11.565516351938566
2022-08-04,188.49,192.74,187.6,192.15,40965227,10.991156609500337,11.450644403450921
2022-08-03,181.84,189.68,181.37,188.93,41814557,10.820085786168192,11.324532679994377
2022-08-02,181.22,189.3753,180.92,185.26,48952692,10.26998658513969,11.11362346102344
2022-08-01,181.82,188.46,179.9,184.41,47646904,9.654154030657082,10.821729574950169
2022-07-29,178.13,182.44,176.92,181.63,43546042,8.839878906425298,10.425359441245195
2022-07-28,179.75,181.4,174.4,179.84,47464628,7.958382681953992,9.931964089386955
2022-07-27,170.32,179.36,169.1301,177.9,56977623,7.022300082360147,9.350031287981594
2022-07-26,168.89,169.19,164.78,165.33,39786491,5.206140779745482,8.521253186334372
2022-07-25,170.19,171.24,166.49,170.24,48074751,4.115575619238342,7.640117672915166
2022-07-22,178.93,179.67,171.365,173.19,53667088,3.449570714348255,6.802008281201784
2022-07-21,178.85,181.44,175.4456,180.5,55704928,3.471594555652615,6.135925536091951
2022-07-20,169.47,179.325,168.01,178.07,76053779,3.2554412170090075,5.559828672275362
2022-07-19,164.86,171.1,161.7201,169.92,70236608,2.3988488153137553,4.9276327008830405
2022-07-18,163.02,168.97,160.02,161.01,67051745,0.9896228730702887,4.14003073532049
2022-07-15,156.59,157.82,154.45,157.62,38593547,-0.396176630089883,3.2327892622384153
2022-07-14,151.08,154.7299,147.28,153.72,45623484,-1.788513259288436,2.2285287579330455
2022-07-13,145.9,153.75,144.65,151.64,52191834,-3.0249192991529696,1.1778391465158426
2022-07-12,152.68,154.31,148.77,150.82,45848310,-4.024554580537938,0.13736040110508663
2022-07-11,155.26,155.2699,150.3801,151.52,43838873,-4.706040290106955,-0.8313197371373218
2022-07-08,154.3,160.3699,153.89,158.38,46797176,-4.639101284326443,-1.5928760465751461
2022-07-07,154.555,159.45,153.89,158.58,49290276,-4.517834527269628,-2.1778677427140427
2022-07-06,150.1,153.1899,147.89,151.3,52906586,-4.952080406757659,-2.7327102755227664
2022-07-05,141.75,149.71,140.55,149.64,65220761,-5.368289225082947,-3.259826065434803
2022-07-01,148.99,150.6291,143.92,145.23,57761008,-5.984996541718658,-3.8048601606915744
2022-06-30,153.61,155.67,148.62,151.59,68607003,-5.8926162736501055,-4.222411383283281
2022-06-29,158.14,158.2,151.7,155.42,48235228,-5.447559183013482,-4.467440943229321
2022-06-28,169.0,172.0199,159.45,159.82,46185936,-4.68579013270832,-4.511110781125121
2022-06-27,173.12,173.3,166.255,168.69,42796788,-3.3279848638628664,-4.274485597672671
2022-06-24,165.0,171.4,163.1,171.26,47215283,-2.0212373185980255,-3.823835941857742
2022-06-23,165.185,165.85,158.53,162.25,46367959,-1.6931446569962532,-3.3976976848854443
2022-06-22,162.26,166.62,161.8,163.6,43799744,-1.3091045983966012,-2.979979067587676
2022-06-21,164.745,170.08,164.07,165.66,48308888,-0.8289694573467727,-2.5497771455394957
2022-06-17,156.48,159.95,153.28,158.8,63033397,-0.9905847233920895,-2.2379386611100145
2022-06-16,158.6,159.4232,154.01,156.01,54574867,-1.3284817583462143,-2.0560472805572547
2022-06-15,160.95,168.68,159.26,165.27,56393565,-0.8393870505940697,-1.8127152345646178
2022-06-14,157.31,160.66,154.12,158.36,46967952,-0.9978525980749282,-1.6497427072666802
2022-06-13,160.0,163.12,156.06,156.47,60415338,-1.2614042082314825,-1.5720750074596408
2022-06-10,176.0,176.97,168.69,169.74,46564966,-0.3949400371776619,-1.3366480134032452
2022-06-09,184.81,189.33,180.41,180.48,39557379,1.1451665360089862,-0.8402851035207989
2022-06-08,187.99,191.8,185.35,186.48,36325246,2.8173848878103627,-0.10875110525456655
2022-06-07,184.72,190.0,181.88,189.26,38891411,4.3171869026084835,0.7764364963180435
2022-06-06,191.39,193.37,185.642,187.86,42240615,5.331365838389246,1.6874223647322841
2022-06-03,190.815,193.323,185.2156,187.2,59877870,6.0125445961845685,2.552446811022741
2022-06-02,182.92,196.19,181.98,195.92,64865580,7.17332516601067,3.476622482020327
2022-06-01,187.24,190.5318,181.22,183.2,54451390,6.986320482358678,4.178562082087998
2022-05-31,189.8,192.0,183.5,186.72,66409951,7.0409883742853765,4.7510473405274745
2022-05-27,181.86,188.81,181.0,188.11,73837935,7.114463350874246,5.223730542596829
2022-05-26,160.36,180.92,160.22,178.51,99657452,6.3251407444880385,5.444012582975071
2022-05-25,160.2,171.1099,160.0,169.75,78113190,4.935840802225471,5.342378226825151
2022-05-24,165.1,165.97,157.8,161.54,58855002,3.136180268518615,4.901138635163844
2022-05-23,162.74,169.15,161.7901,168.98,63988869,2.2839541493064814,4.377701737992371
2022-05-20,173.32,174.1,157.55,166.94,73910526,1.4274926126097114,3.7876599129158395
2022-05-19,169.37,176.87,167.3405,171.24,62130959,1.0832279600682853,3.2467735223463285
2022-05-18,177.05,181.18,168.64,169.38,54516106,0.6527843951418788,2.727975696905439
2022-05-17,180.74,183.71,176.34,181.77,58582971,1.296479215838957,2.4416764006921428
2022-05-16,175.09,177.88,171.06,172.64,52144598,1.057704739566418,2.164882068466998
2022-05-13,167.88,179.2843,165.925,177.06,67043651,1.2111696970216599,1.9741395941779303
2022-05-12,162.191,167.88,155.67,161.75,70872837,0.09629272981965187,1.5985702213062747
2022-05-11,173.47,177.53,165.68,166.3,67016703,-0.41532076562145903,1.195792023920728
2022-05-10,176.89,181.98,170.25,175.95,76147429,-0.041623979820371915,0.9483088231725081
2022-05-09,180.34,182.55,168.27,169.5,64445451,-0.2628971649640164,0.7060676255452032
2022-05-06,187.36,195.12,179.9,186.75,63329672,0.94280500809964,0.7534151020560906
2022-05-05,198.67,199.25,185.0,188.44,62633141,2.011514060977504,1.0050348938403735
2022-05-04,199.23,204.0,187.51,203.34,64630503,4.0145024749304525,1.6069284100583894
2022-05-03,194.0,198.25,191.33,196.02,47575084,4.954114451959896,2.2763656184386907
2022-05-02,185.405,195.74,183.91,195.33,57204868,5.57877780203188,2.936848055157329
2022-04-29,194.02,201.2848,185.17,185.47,50043491,5.218057887677645,3.393090021661392
2022-04-28,189.67,200.37,184.8957,197.82,57032671,5.86116270819582,3.886704558968278
2022-04-27,185.98,191.67,182.9,184.15,49946017,5.207741553807551,4.150911957936133
2022-04-26,197.18,197.88,186.7,187.88,64496017,4.934004278388727,4.307530422026652
2022-04-25,192.02,199.45,190.96,199.02,64156561,5.55197075173993,4.5564184879693075
2022-04-22,203.03,204.86,195.0,195.15,62471343,5.66414424793544,4.777963639962534
2022-04-21,217.0915,223.92,200.0,201.83,65620944,6.2203583062317875,5.066442573216385
2022-04-20,225.171,226.7037,212.0,214.82,46697126,7.621490593429968,5.577452177259102
2022-04-19,217.2,223.73,213.14,221.98,51278058,9.203557307406555,6.3026732032885935
2022-04-18,212.0,220.88,210.79,217.83,52570061,10.00713029063715,7.043564620758305
2022-04-14,225.05,227.77,211.63,212.58,56909685,10.103865473616793,7.655624791330004
2022-04-13,217.28,225.0,214.55,222.03,51694344,10.818357534656514,8.288171339995307
2022-04-12,225.37,227.25,212.8204,215.04,66225807,10.697251798608931,8.769987431718032
2022-04-11,222.14,223.1994,216.6,219.17,57520684,10.809921073231408,9.177974160020707
2022-04-08,239.17,239.23,230.6201,231.19,52478064,11.733865136559729,9.689152355328511
2022-04-07,244.41,247.22,234.78,242.08,55799236,13.19275162336615,10.38987220893604
2022-04-06,249.34,253.0,240.03,244.07,70383256,14.34415554752087,11.180728876653008
2022-04-05,272.54,273.19,258.2,259.31,43093087,16.298512974735843,12.204285696269576
2022-04-04,267.28,275.58,266.13,273.6,39770782,18.783909671559684,13.520210491327598
2022-04-01,273.75,274.96,262.67,267.12,51723511,20.000173070250042,14.816203007112087
2022-03-31,277.82,282.48,272.7,272.86,52344022,21.183055527112856,16.089573511112242
2022-03-30,283.04,284.955,275.03,276.9,46348713,22.19069214685308,17.309797238260412
2022-03-29,286.945,289.46,279.8,286.56,48898440,23.49786394697037,18.547410580002406
2022-03-28,277.555,282.5,272.06,282.19,42549392,23.90561548327912,19.619051560657752
2022-03-25,278.86,283.58,272.71,276.92,57776944,23.532251410777064,20.401691530681614
2022-03-24,261.66,283.1999,259.07,281.5,87737914,23.33691202165693,20.988735628876675
2022-03-23,261.26,266.115,255.7501,256.34,50211986,20.910855098310293,20.973159522763403
2022-03-22,267.27,272.38,260.72,265.24,54265223,19.4817694165053,20.674881501511784
2022-03-21,265.07,271.5199,259.67,267.34,58807971,18.307622293535502,20.201429659916528
2022-03-18,247.99,265.6899,246.24,264.53,72788748,16.95491304000035,19.55212633593329
2022-03-17,241.2,248.42,239.06,247.66,47194119,14.356124729794686,18.51292601470557
2022-03-16,235.0,245.97,231.72,244.96,67142174,11.94104984596072,17.1985507809566
2022-03-15,215.18,230.38,213.2201,229.73,49199569,8.69788804414253,15.498418233593789
2022-03-14,218.69,222.62,211.5901,213.3,38535424,4.7471728085967015,13.348169148594371
2022-03-11,230.22,231.45,220.46,221.0,36720857,2.212029272957153,11.120941173466928
2022-03-10,225.31,227.88,218.82,226.58,42806565,0.6457255994736784,9.025898058668279
2022-03-09,223.87,232.2,222.47,230.14,49274195,-0.3048054905714821,7.159757348820327
2022-03-08,213.09,223.7299,206.5,215.14,55746719,-2.2426312107997717,5.279279636896308
2022-03-07,228.17,230.33,213.3,213.52,45082089,-3.864544453590611,3.4505148187989243
2022-03-04,233.84,236.8,224.82,229.36,43201070,-3.8276440659926436,1.9948830418406107
2022-03-03,242.615,243.2599,234.69,237.14,36509504,-3.134486849886059,0.9690090634952767
2022-03-02,237.56,244.09,234.15,242.2,38964185,-2.1520475854163976,0.34479773371294187
2022-03-01,242.91,243.77,231.32,234.77,41205598,-1.9505120068670294,-0.1142642144030524
2022-02-28,239.92,246.65,237.0701,243.85,47731861,-1.0460552201760436,-0.3006224155576507
2022-02-25,237.21,242.17,233.81,241.57,52886551,-0.5073947152736764,-0.34197687550085587
2022-02-24,210.15,238.0,208.9,237.48,73580063,-0.4058527844780997,-0.35475205729630466
2022-02-23,238.02,241.5499,223.01,223.87,56651077,-1.4073700434333887,-0.5652756545237215
2022-02-22,230.35,240.6399,230.0,233.9,62919566,-1.375882197390581,-0.7273969630970935
2022-02-18,246.675,249.86,231.0,236.42,76125491,-1.134507022315546,-0.808818974940784
2022-02-17,256.3,257.85,241.65,245.07,81059508,-0.2424380729283655,-0.6955427945383004
2022-02-16,262.59,265.82,255.52,265.11,73267633,2.057871651781568,-0.14485990527432674
2022-02-15,249.49,265.45,247.84,264.95,70175280,3.8238935540268812,0.6488907865859149
2022-02-14,239.34,248.75,237.55,242.67,44042443,3.3866298756831554,1.1964386044053632
2022-02-11,259.16,261.52,237.73,239.49,60547198,2.7517750863747494,1.5075059007992406
2022-02-10,259.95,269.2499,256.0,258.24,51319972,3.7187489684108925,1.949754514321571
2022-02-09,256.22,267.25,253.53,267.05,52428166,5.136762705408842,2.587156152539025
2022-02-08,243.59,252.3,239.8,251.08,41035864,4.915243408693215,3.052773603769863
2022-02-07,243.72,251.82,242.02,247.28,37686750,4.382540331110391,3.318726949237969
2022-02-04,239.72,246.35,236.32,243.19,35482850,3.5889690842166146,3.3727753762336983
2022-02-03,244.58,250.77,237.8,239.48,41017778,2.6303708812745583,3.2242944772418705
2022-02-02,257.94,258.17,245.5301,252.42,54341941,2.8816073788980248,3.1557570575731018
2022-02-01,251.04,251.45,238.9001,246.38,51892517,2.5637828983591646,3.0373622257303143
2022-01-31,231.82,245.09,230.52,244.86,56467968,2.1643046540810076,2.8627507114004533
2022-01-28,220.1215,228.58,212.96,228.4,54377425,0.5136102501128903,2.392922619142941
2022-01-27,235.68,239.95,216.75,219.44,57335272,-1.5002797843363282,1.6142821384470871
2022-01-26,232.4,240.57,223.0,227.72,75595873,-2.400503830878222,0.8113249445820254
2022-01-25,225.46,229.43,220.0,223.24,66461636,-3.435830319412389,-0.03810610821685756
2022-01-24,223.3,233.8,208.88,233.72,91581063,-3.371817393683756,-0.7048483653102372
2022-01-21,235.07,248.23,232.63,233.74,71895784,-3.281644105506814,-1.2202075133495525
2022-01-20,253.04,255.7904,240.78,241.5,43518073,-2.554566525248447,-1.4870793157293314
2022-01-19,260.79,265.4317,250.52,250.67,48360408,-1.224297007664262,-1.4345228541163175
2022-01-18,262.6,266.38,257.7,259.03,42267538,0.4987836344049583,-1.0478615564120626
2022-01-14,263.0,271.969,262.1001,269.42,39583235,2.671923355292222,-0.30390457407120564
2022-01-13,283.79,284.8,264.98,265.75,53886809,4.051312898946975,0.5671389205324304
2022-01-12,280.665,285.95,276.08,279.99,38341348,6.221816810369404,1.6980744984998253
2022-01-11,273.225,280.65,268.39,278.17,40276508,7.706264982448317,2.8997125952895235
2022-01-10,265.81,274.69,256.4384,274.0,59468095,8.448823920886753,4.009534860408969
2022-01-07,281.41,284.22,270.57,272.47,40993851,8.812266691220174,4.97008122657121
2022-01-06,276.4,284.3799,270.65,281.78,45418637,9.739268671495978,5.923918715556164
2022-01-05,289.49,294.16,275.33,276.04,49806388,9.896671719615256,6.718469316367983
2022-01-04,302.77,304.68,283.49,292.9,52715440,11.252167877319891,7.6252090285583645
2022-01-03,298.15,307.11,297.85,301.21,39240294,12.848842441022214,8.669935711051135
2021-12-31,296.74,300.3,293.3057,294.11,26347792,13.386990974509501,9.61334676374281
2021-12-30,298.27,304.57,295.4,295.86,30886422,13.795660156307122,10.449809442255672
2021-12-29,302.725,305.48,293.66,300.01,34313928,14.289681194395769,11.217783792683692
2021-12-28,313.12,313.3,300.1181,303.22,42059121,14.76995772059746,11.928218578266447
2021-12-27,296.6,310.865,296.4,309.45,40368587,15.47490419872588,12.637555702358334
2021-12-23,297.55,300.59,294.3101,296.4,34302174,14.809834867359541,13.072011535358575
2021-12-22,288.91,295.55,284.49,294.0,39518438,13.928543113527098,13.24331785099228
2021-12-21,283.74,291.2,274.01,290.75,52438494,12.82008327091171,13.158670934976168
2021-12-20,273.05,281.44,271.45,277.19,46184676,10.72382461050455,12.671701670081845
2021-12-17,279.85,289.22,277.6,278.01,71662239,9.02466099211722,11.94229353448892
2021-12-16,311.52,311.6,280.93,283.87,70736595,8.05802669290074,11.165440166171285
2021-12-15,284.0,305.0,278.38,304.59,69829688,8.861740256843348,10.704700184305699
2021-12-14,276.99,286.78,272.5,283.37,66703537,7.697678345324391,10.103295816509439
2021-12-13,302.49,302.94,281.16,281.61,59834366,6.5575423366377095,9.394145120535093
2021-12-10,311.5,313.05,298.61,301.98,48882509,7.214500821722083,8.958216260772492
2021-12-09,317.34,322.05,304.28,304.9,48850716,7.8799298248881655,8.742558973595628
2021-12-08,319.99,322.9,314.2101,318.26,47555145,9.377232550162091,8.869493688908921
2021-12-07,309.57,324.49,306.51,324.27,59305348,10.922900126371985,9.280174976401534
2021-12-06,298.8,302.41,280.38,300.37,65893845,10.102863040765783,9.444712589274385
2021-12-03,320.0,321.29,301.3,306.93,54432505,9.868556343601256,9.52948134013976
2021-12-02,312.14,324.7799,310.25,321.26,47289033,10.715654443046674,9.766715960721143
2021-12-01,332.1947,332.8934,313.8,314.35,48580204,10.705994498816835,9.954571668340282
2021-11-30,331.69,333.53,318.6401,326.76,62206647,11.5663920411003,10.276935742892286
2021-11-29,323.66,334.12,320.36,333.76,45496398,12.667086502534858,10.754965894820801
2021-11-26,326.0,327.1,313.5,315.03,28306886,11.890968641806637,10.982166444217969
2021-11-24,314.61,328.55,309.28,326.74,43516226,12.081520532782463,11.202037261930869
2021-11-23,315.35,323.6,308.8,317.46,53216270,11.352847278899787,11.232199265324653
2021-11-22,335.17,346.47,319.0,319.56,75433524,10.82009362097017,11.149778136453758
2021-11-19,322.43,330.88,319.05,329.85,53386665,11.100242822068367,11.13987107357668
2021-11-18,323.67,327.6,313.21,316.75,78171075,10.148220198175864,10.941540898496518
2021-11-17,304.18,305.09,288.0,292.61,42850799,7.360986288309391,10.225429976459093
2021-11-16,297.59,303.9,297.0587,302.03,26448367,5.8448231248719935,9.349308606141673
2021-11-15,305.52,306.44,292.47,300.25,38490900,4.448344029587702,8.36911569083088
2021-11-12,300.1,306.8,296.3,303.9,41026129,3.594711188215854,7.414234790307875
2021-11-11,304.68,305.9,297.7701,303.9,33217211,2.884945159355084,6.508376864117317
2021-11-10,293.56,308.5,287.78,294.59,63620572,1.5533057332179396,5.517362637937442
2021-11-09,322.82,323.1,299.64,306.57,64216853,1.4479665163501636,4.703483413619987
2021-11-08,301.49,311.0,299.07,308.04,50310093,1.4661997052275524,4.0560266719415
2021-11-05,301.87,314.0,294.1,297.52,85126015,0.624573859416671,3.369736109436534
2021-11-04,272.29,313.65,271.18,298.01,115363115,-0.0028489412547401116,2.695219099298279
2021-11-03,266.7,267.84,262.35,265.98,23991033,-3.049486760114064,1.5462779274158107
2021-11-02,258.22,266.78,258.0,264.01,28744823,-5.558852723492521,0.12525179723414448
2021-11-01,256.49,258.94,252.27,258.27,26074158,-7.919423176584019,-1.4836831975294884
2021-10-29,250.005,257.09,250.0,255.67,29250284,-9.886030532406892,-3.164152664504969
2021-10-28,248.78,249.5,245.23,249.41,23420431,-11.813531674064052,-4.894028466416786
2021-10-27,244.74,250.9,242.8201,244.51,24598989,-13.579938190472774,-6.631210411227984
2021-10-26,239.89,252.59,239.24,247.17,48589830,-14.596924057283331,-8.224353140439053
2021-10-25,229.73,233.5499,227.7,231.66,23023483,-16.464626100428006,-9.872407732436844
2021-10-22,228.23,231.3,225.61,227.26,24938379,-18.09129150630565,-11.516184487210607
2021-10-21,220.97,227.11,220.83,226.92,18759032,-19.186698402576695,-13.050287270283825
2021-10-20,223.045,224.33,219.82,221.03,14627594,-20.29612889506737,-14.499455595240534
2021-10-19,222.76,223.79,220.37,222.9,16147329,-20.784872114026513,-15.756538898997729
2021-10-18,217.49,222.91,216.44,222.22,18949356,-20.98517096518796,-16.802265312235775
2021-10-15,218.1,219.31,216.62,218.62,22699401,-21.190132504243934,-17.67983875063741
2021-10-14,212.88,217.55,211.2201,217.46,24358881,-21.2017675276725,-18.384224506044426
2021-10-13,209.18,209.9,207.13,209.39,18065188,-21.61302838616868,-19.029985282069276
2021-10-12,208.275,210.57,205.28,206.71,16213354,-21.902728165489975,-19.604533858753417
2021-10-11,205.75,210.63,205.11,206.95,16338754,-21.860951888143546,-20.055817464631442
2021-10-08,211.01,212.06,207.75,208.31,15125791,-21.47060350118386,-20.338774671941927
2021-10-07,210.92,213.22,209.72,210.75,25691893,-20.72545187605948,-20.416110112765438
2021-10-06,201.2,207.2,200.8,207.0,29720175,-20.204601436135192,-20.37380837743939
2021-10-05,199.5,206.48,198.54,204.51,27928165,-19.764908340056166,-20.252028369962744
2021-10-04,205.04,205.4179,195.55,197.32,34563497,-19.76873957999365,-20.155370611968927
2021-10-01,207.5,208.59,202.03,207.42,24097796,-18.740758476468926,-19.872448184868926
2021-09-30,207.684,210.66,206.88,207.16,22100912,-17.742531019559607,-19.446464751807063
2021-09-29,209.395,210.17,204.67,205.17,21839363,-16.916996333724,-18.94057106819045
2021-09-28,212.135,214.19,206.51,206.99,34306895,-15.932238430761913,-18.338904540704746
2021-09-27,217.1035,217.99,213.25,216.6,24521514,-14.212530803874131,-17.513629793338623
2021-09-24,220.7,221.49,218.61,220.81,21765545,-12.367374904701364,-16.484378815611173
2021-09-23,221.4,225.345,218.9,224.82,24855491,-10.460915155723256,-15.27968608363359
2021-09-22,213.655,219.6,211.96,219.41,26872556,-9.27960435346722,-14.079669737600318
2021-09-21,214.165,214.25,209.5,212.46,20468810,-8.802741424594615,-13.024284074999176
2021-09-20,211.46,214.33,206.62,211.13,34944045,-8.434911592291655,-12.106409578457672
2021-09-17,223.0,223.21,218.3,219.0,29450284,-7.42279520980594,-11.169686704727326
2021-09-16,221.8345,222.77,219.27,222.42,15603344,-6.272415762447565,-10.190232516271374
2021-09-15,223.09,223.6699,219.66,223.41,16653801,-5.2206664431502645,-9.196319301647152
2021-09-14,222.75,224.1,220.86,222.42,19975460,-4.416125905887128,-8.240280622495149
2021-09-13,226.84,229.64,218.58,221.52,29749990,-3.8072565287620534,-7.353675803748531
2021-09-10,223.4831,226.26,222.7,224.78,24837574,-3.0267775976382723,-6.4882961625264794
2021-09-09,223.12,225.38,221.31,221.77,19685601,-2.6209120237078025,-5.714819334762745
2021-09-08,225.13,226.1,219.77,223.39,25443421,-2.1438274626658824,-5.0006209603433724
2021-09-07,228.33,228.99,225.224,226.62,19810716,-1.4879483625599335,-4.298086440786685
2021-09-03,223.25,229.86,222.0,228.43,28083198,-0.8127388298551637,-3.601016918600381
2021-09-02,225.18,225.9299,222.945,223.96,18810957,-0.6310477278231588,-3.007023080444937
2021-09-01,224.85,226.97,223.565,224.41,20176695,-0.44560828631290406,-2.4947401216185305
2021-08-31,226.95,226.95,221.2,223.85,25984968,-0.3399151821517705,-2.0637751337251786
2021-08-30,228.2997,230.43,225.51,226.88,26257990,-0.011524115562252746,-1.6533249300925934
2021-08-27,221.84,227.22,221.67,226.36,30472219,0.20441218009122508,-1.2817775080558298
2021-08-26,222.0,223.4,217.9,220.68,23794042,-0.08184185813004774,-1.0417903780706734
2021-08-25,217.37,224.7,217.22,222.13,34770104,-0.18951277858110416,-0.8713348581727596
2021-08-24,217.53,219.59,215.35,217.93,29729892,-0.6067533825973896,-0.8184185630576857
2021-08-23,209.71,219.97,209.5,219.58,57580658,-0.7951127916403493,-0.8137574087742184
2021-08-20,199.91,208.6506,199.33,208.16,67574131,-1.8446238637778265,-1.0199306997749402
2021-08-19,194.94,204.95,187.62,197.98,76655477,-3.457948790794063,-1.5075343179787648
2021-08-18,195.0,196.3365,190.0,190.4,28591348,-5.28721534283477,-2.263470522949966
2021-08-17,196.85,197.7,192.67,194.58,20458485,-6.326700928133505,-3.076116603986674
2021-08-16,201.35,202.87,194.53,199.5,21115280,-6.676534923132408,-3.796200267815821
2021-08-13,199.05,202.1381,198.51,201.88,18059898,-6.684677968523232,-4.373895807957304
2021-08-12,198.7,200.2899,196.2,199.05,15186155,-6.840634166837702,-4.867243479733384
2021-08-11,200.43,200.49,194.3,196.99,18592484,-7.049196610909291,-5.303634105968566
2021-08-10,203.22,204.3,198.3454,199.36,17923778,-6.943207681211419,-5.631548821017137
2021-08-09,204.46,205.0799,201.43,202.95,14644310,-6.494661281234897,-5.80417131306069
2021-08-06,205.24,205.7,202.1,203.66,17849661,-6.012584628475679,-5.845853976143688
2021-08-05,205.0,207.33,203.42,206.37,21143537,-5.350187426131839,-5.746720666141318
2021-08-04,199.9,203.18,198.28,202.74,23130940,-5.059817111747009,-5.609339955262456
2021-08-03,197.4,202.22,192.2,198.15,30181074,-5.140811114872889,-5.515634187184544
2021-08-02,197.0,199.61,193.61,197.5,21744397,-5.197535064730772,-5.45201436269379
2021-07-30,194.18,196.3,192.63,194.99,18349746,-5.3829736571865965,-5.438206221592352
2021-07-29,195.19,198.53,193.2803,196.62,18373399,-5.336887384527358,-5.417942454179354
2021-07-28,193.192,196.46,189.95,195.03,20219115,-5.366798283332486,-5.4077136200099805
2021-07-27,192.65,196.22,187.41,192.08,24886258,-5.564400289138973,-5.439050953835779
2021-07-26,193.11,194.42,189.14,192.94,20394316,-5.587200717743599,-5.468680906617343
2021-07-23,196.5635,197.0,192.5,195.58,19567198,-5.330794207758714,-5.441103566845618
2021-07-22,196.42,198.87,192.76,195.94,32382595,-5.0404381762006665,-5.360970488716627
2021-07-21,188.82,195.27,187.42,194.1,37101736,-4.902290992772549,-5.269234589527812
2021-07-20,187.3,188.38,181.64,186.12,43366188,-5.374770652562233,-5.290341802134697
2021-07-19,716.61,761.68,714.62,751.19,18726469,39.39311304022431,3.646349166337104
2021-07-16,761.22,766.2844,722.92,726.44,17205566,72.04438245149333,17.32595582336835
2021-07-15,792.47,793.88,754.3401,758.65,13764113,99.37430142098901,33.735624942892485
2021-07-14,814.31,816.71,790.11,793.66,9502480,122.44698093930054,51.4778961421741
2021-07-13,816.02,818.45,804.5601,810.0,7267658,140.4319351950797,69.26870395275523
2021-07-12,809.6,821.31,807.51,820.5,8049619,153.75995422516218,86.16695400723663
2021-07-09,798.5,803.205,790.17,802.01,7415567,160.9748984313503,101.12854289205936
2021-07-08,794.26,805.32,788.03,796.11,12582492,164.3225054483769,113.76733540332287
2021-07-07,834.14,835.0,813.282,814.87,10460682,166.5691775506242,124.32770383278316
2021-07-06,829.5,833.68,814.01,827.94,11167687,167.47378757317563,132.95692058086166
2021-07-02,817.605,820.21,811.51,819.48,8584917,165.5991226327452,139.4853609912384
2021-07-01,805.0,818.24,800.76,808.48,12003374,161.36570568360185,143.8614299297111
2021-06-30,799.965,806.5,794.55,800.1,8164154,155.5415105732062,146.19744605841012
2021-06-29,795.3,803.95,786.275,801.07,9190846,149.28322083630712,146.81460101398955
2021-06-28,774.45,803.15,772.76,799.4,12385914,142.54554972236838,145.9607907556653
2021-06-25,771.22,773.82,755.775,761.24,6959148,132.59819429438357,143.28827146340896
2021-06-24,769.11,776.8,763.53,768.22,8023060,123.85040079047087,139.40069732882137
2021-06-23,760.31,766.11,756.31,762.29,8308926,115.1122674094513,134.54301134494736
2021-06-22,738.86,758.55,735.435,755.47,14503639,106.41028521737655,128.9164661194332
2021-06-21,737.41,741.46,712.906,737.09,16809554,96.91362925244778,122.51589874603613
2021-06-18,751.36,775.0,743.36,745.55,24221357,89.04367225140732,115.82145344711037
2021-06-17,710.9827,753.4,710.2501,746.29,20241372,81.92204015940797,109.04157078956989
2021-06-16,711.63,718.1871,703.377,712.41,7594711,72.70615131058344,101.7744868937726
2021-06-15,716.6,720.65,709.118,711.54,6075761,64.58776373602757,94.33714226222361
2021-06-14,716.24,721.58,706.5101,720.75,8034357,58.2258616336145,87.1148861365018
2021-06-11,699.18,717.569,697.75,713.01,10407691,51.96048691937506,80.08400629307646
2021-06-10,694.0,699.68,687.0401,697.0,7194261,45.182424258140486,73.10368988608927
2021-06-09,700.63,703.0,690.23,694.33,9541437,39.14408542944511,66.31176899476044
2021-06-08,701.09,704.8635,690.04,698.28,8096169,34.28220645620013,59.90585648704838
2021-06-07,702.8456,712.5,687.71,704.76,14393873,30.59928467994041,54.04454212562679
2021-06-04,684.5,706.44,683.82,703.13,15428007,27.235066368854405,48.682646974272316
2021-06-03,668.03,690.36,663.32,678.79,14500170,22.34725924342979,43.415569428103815
2021-06-02,650.09,676.7547,649.42,671.13,14854189,17.65205697429724,38.2628669373425
2021-06-01,650.8,655.525,636.13,650.58,11820075,12.133000416152868,33.036893633104576
2021-05-28,620.04,651.099,620.04,649.78,16113390,7.606867780385642,27.95088846256079
2021-05-27,627.99,630.0,618.4,619.52,14536880,1.5601613816461395,22.67274304637786
2021-05-26,629.37,631.75,623.45,628.0,9260966,-2.518599031971803,17.634474630707928
2021-05-25,630.64,632.7399,619.3,625.91,10885172,-5.85223070609436,12.937133563347471
2021-05-24,608.5,629.8,607.04,624.48,13870405,-8.511432380052725,8.647420374667432
2021-05-21,606.55,608.88,594.7756,599.67,16824800,-12.477001413723087,4.422536016989328
2021-05-20,572.1,587.3514,570.82,584.5,8039798,-16.65188311914892,0.20765218976167876
2021-05-19,542.66,563.18,541.73,562.63,8599984,-21.47765216905077,-4.129408682000811
2021-05-18,570.68,576.17,560.16,560.63,4656356,-25.173309946961695,-8.338188934992989
2021-05-17,566.28,566.77,554.14,566.62,5424521,-27.304058235103298,-12.13136279501505
2021-05-14,555.6,573.1242,549.94,569.72,6465375,-28.414997113446475,-15.388089658701336
2021-05-13,561.35,563.23,538.36,546.61,7143187,-30.805105954160467,-18.471492917793164
2021-05-12,560.38,570.41,548.37,550.34,7585233,-32.02909315467241,-21.183012965169013
2021-05-11,553.0,574.19,550.0,572.25,7139634,-30.875247307157224,-23.121459833566657
2021-05-10,591.49,592.24,570.0,570.63,6722595,-29.74861312682856,-24.44689049221904
2021-05-07,592.33,598.83,586.8683,592.49,5733183,-26.783089331678525,-24.914130260110937
2021-05-06,579.81,582.85,568.7236,580.92,4834523,-25.077415824576065,-24.946787373003964
2021-05-05,588.36,592.54,575.5,578.34,7300576,-23.661091386537578,-24.68964817571069
2021-05-04,585.49,585.5,560.4101,574.05,10133120,-22.624015642928725,-24.2765216691543
2021-05-03,605.0,609.87,591.5,593.47,5097796,-20.00449458291689,-23.422116251906818
2021-04-30,606.98,614.5999,599.88,600.38,5047752,-17.17296674862928,-22.17228635125131
2021-04-29,616.0,617.46,602.86,612.99,4329912,-13.752904009530653,-20.48840988290718
2021-04-28,614.58,621.29,608.6207,611.07,5235405,-11.069801817820576,-18.604688269889863
2021-04-27,623.14,626.82,614.18,615.27,4114325,-8.506461903314744,-16.585042996574842
2021-04-26,607.4018,619.16,605.0,619.12,4944927,-6.094084911570235,-14.486851379573922
2021-04-23,597.3745,613.395,596.01,610.61,5694305,-4.813458095684041,-12.552172722795948
2021-04-22,615.0,617.5427,591.34,594.01,6944657,-5.079480298671342,-11.057634237971028
2021-04-21,604.75,614.5,604.09,614.42,5419426,-3.6018682890611444,-9.56648104818905
2021-04-20,612.93,619.88,598.52,606.85,8353326,-3.007022773964195,-8.25458939334408
2021-04-19,621.4616,632.3,609.3201,614.47,10110452,-1.898844404313195,-6.983440395537904
2021-04-16,642.1235,646.63,634.61,636.5,8380189,0.7484046819298555,-5.437071380044352
2021-04-15,626.5,648.566,625.26,645.49,14962017,3.5310824026965975,-3.6434406234961627
2021-04-14,625.0,628.8184,609.1,611.08,9637548,2.9260454898761736,-2.3295434008216955
2021-04-13,609.26,628.0,605.03,627.18,16905297,3.702998957155046,-1.1230349292263473
2021-04-12,571.59,614.1,565.57,608.36,21733050,2.7682132240298643,-0.344785298575105
2021-04-09,568.56,576.32,567.0,576.0,4879272,-0.5771398514845032,-0.39125620915698467
2021-04-08,570.11,578.86,569.9577,572.68,6110373,-3.4564091858449046,-1.0042868044945688
2021-04-07,555.23,569.7399,548.46,565.74,6282109,-6.2264759385677735,-2.04872463130921
2021-04-06,559.9871,562.165,550.9449,554.46,4793649,-9.225628227013658,-3.4841053504500996
2021-04-05,554.7,560.5585,549.32,559.5,6391785,-11.068204769505314,-5.0009252342611425
2021-04-01,542.89,554.8,540.45,552.47,7706865,-12.946483202859213,-6.590036827980757
2021-03-31,520.62,538.82,519.3,533.93,7869438,-15.749504958873104,-8.421930454159227
2021-03-30,513.678,519.01,508.2,514.87,5005062,-19.28657892772867,-10.594860148873117
2021-03-29,512.81,522.5,508.0,517.93,6837997,-21.593898089336676,-12.79466773696583
2021-03-26,502.18,514.25,494.94,513.57,9099224,-23.503348736302087,-14.93640393683308
2021-03-25,499.98,508.59,490.88,501.41,7378614,-25.701541137926824,-17.08943137705183
2021-03-24,526.05,526.365,505.47,505.72,6145963,-26.78705893249969,-19.0289568881414
2021-03-23,530.17,533.78,520.85,522.83,5551152,-25.96736992331887,-20.416639495176895
2021-03-22,516.51,535.78,516.27,527.45,7445077,-24.660691982526828,-21.265449992646882
2021-03-19,510.0,516.86,504.5,513.83,7480174,-24.442403658743615,-21.90084072586623
2021-03-18,525.46,527.36,508.6817,508.9,7354702,-24.38611048587927,-22.39789467786884
2021-03-17,521.59,538.13,519.58,533.65,6096605,-22.089742780804727,-22.336264298456022
2021-03-16,534.26,540.5,524.67,531.65,6803240,-20.198403493002047,-21.90869213736523
2021-03-15,514.59,528.27,510.685,527.65,5563011,-18.805492045373057,-21.288052118966796
2021-03-12,505.93,515.55,503.6,514.24,6099099,-18.569615645716453,-20.744364824316726
2021-03-11,518.0,521.85,509.38,519.74,7497857,-17.734446208427585,-20.1423811011389
2021-03-10,513.62,519.2,498.3,498.73,9609414,-18.554020624130885,-19.824709005737297
2021-03-09,485.21,504.67,482.37,500.81,13045638,-18.818769575190345,-19.623521119627906
2021-03-08,498.0,498.85,462.66,463.73,13577792,-21.769683772456915,-20.052753650193708
2021-03-05,502.0,502.0,467.17,498.46,13570971,-21.063081690287447,-20.254819258212457
2021-03-04,512.03,519.0,483.35,494.81,14333629,-20.560609042544456,-20.31597721507886
2021-03-03,537.05,538.06,511.95,512.19,9439757,-18.546186209782434,-19.962019014019575
2021-03-02,556.0,556.82,535.84,536.25,6602853,-14.837265913917179,-18.9370683939991
2021-03-01,555.0,557.0,542.1299,553.67,8829575,-10.37270139819475,-17.22419499483823
2021-02-26,550.1,554.18,534.44,548.58,12468975,-7.162655679059526,-15.211887131682488
2021-02-25,561.8167,574.99,528.65,532.3,20304906,-5.864726347212127,-13.342454974788417
2021-02-24,564.91,580.27,550.24,579.96,11207977,-0.9790583368221633,-10.869775647195167
2021-02-23,563.01,569.55,535.58,565.68,9794483,1.7207562962393013,-8.351669258508274
2021-02-22,590.99,605.33,573.0,574.23,8041814,4.4984372048060095,-5.781647965845417
2021-02-19,600.98,607.0799,593.868,597.06,6793103,8.444615270437339,-2.9363953185888665
2021-02-18,589.16,594.93,583.0,593.16,5852020,11.129004179174899,-0.1233154190361132
2021-02-17,606.84,608.9407,591.2,596.24,6786368,13.35102962984763,2.5715535907406357
2021-02-16,602.57,614.9,598.0,613.21,8048988,16.293516468638586,5.315946166320225
2021-02-12,602.0,611.6455,591.0,598.45,9368937,17.235766653233895,7.69991026370296
2021-02-11,599.21,610.89,597.0,610.03,11270693,18.701338545401313,9.90019592004263
2021-02-10,578.53,596.2,573.655,590.57,12047762,18.08409329230858,11.53697539449582
2021-02-09,573.625,583.33,568.9,570.53,7128078,15.795777572166912,12.38873583003004
2021-02-08,549.0886,578.95,549.0886,577.55,10865571,14.382928759267656,12.787574415877563
2021-02-05,549.0,549.49,541.83,543.64,4228841,10.407016683528695,12.311462869407789
2021-02-04,541.24,546.94,533.5145,546.57,5033462,7.407119567966447,11.330594209119521
2021-02-03,545.44,557.27,540.66,541.22,6135232,4.54558057921588,9.973591483138794
2021-02-02,535.95,542.88,531.4199,542.27,5451603,2.3355932737364355,8.445991841258323
2021-02-01,522.1335,530.83,516.11,529.48,5430108,-0.4427796097444343,6.668237551057772
2021-01-29,523.0,533.39,516.4602,519.59,6788801,-3.4034674288848237,4.653896555069253
2021-01-28,519.85,533.59,518.42,522.04,5707899,-5.488867088565939,2.625343826342215
2021-01-27,529.2,529.31,511.75,516.71,9281821,-7.4853612140874475,0.6032028182562825
2021-01-26,543.2176,545.79,535.5,537.41,4099510,-7.312980700304138,-0.9800338854558015
2021-01-25,551.27,553.14,529.4592,546.13,6277779,-6.398973395199846,-2.0638217874046108
2021-01-22,549.6035,553.6693,545.09,548.5,6170464,-5.420888202936339,-2.7352350705109565
2021-01-21,536.7442,559.9743,530.1201,554.7,8458490,-4.09821874229749,-3.0078318048682635
2021-01-20,524.47,537.22,522.27,534.63,6464272,-4.616261543879091,-3.329517752670429
2021-01-19,520.65,523.7593,513.76,521.01,5654672,-6.056024291056929,-3.8748190603477295
2021-01-15,529.12,533.01,513.94,514.38,6944532,-7.643917904474847,-4.628638829173153
2021-01-14,543.0,543.99,527.22,528.01,7078007,-7.713590474480611,-5.245629158234644
2021-01-13,539.5986,544.9999,535.4001,541.27,5250711,-6.6224953031235145,-5.521002387212419
2021-01-12,550.1,550.18,533.8,539.39,7178074,-5.842150136924943,-5.585231937154924
2021-01-11,536.75,558.44,534.5,544.86,12975720,-4.727838110565131,-5.413753171836966
2021-01-08,534.5,536.8399,521.68,531.07,7313215,-4.900980105746839,-5.3111985586189405
2021-01-07,518.7,535.11,515.4601,533.76,11537037,-4.766194146350813,-5.202197676165315
2021-01-06,528.9,529.8,503.44,504.58,14510575,-6.93402629615332,-5.548563400162917
2021-01-05,523.99,537.74,523.48,536.19,8068998,-6.031854603877264,-5.6452216409057865
2021-01-04,524.17,546.0999,518.5,524.54,14016045,-6.1856305759813495,-5.753303427920899
2020-12-31,525.46,526.045,516.6,522.2,4810610,-6.422285476336583,-5.887099837604036
2020-12-30,519.6124,528.55,515.87,525.83,5634929,-6.244937771756554,-5.95866742443454
2020-12-29,517.0,522.9,513.69,517.73,4259304,-6.680976604102511,-6.103129260368135
2020-12-28,522.5,522.5,510.527,516.0,5286655,-7.084471682389449,-6.299397744772398
2020-12-24,521.49,525.3,517.55,519.75,2447088,-7.020720285806419,-6.443662252979204
2020-12-23,530.24,531.0,520.2,520.37,4478569,-6.841305712576968,-6.523190944898757
2020-12-22,532.77,533.4899,522.1552,531.13,4657872,-5.764427563037316,-6.37143826852647
2020-12-21,522.99,534.8,518.7,533.29,7558304,-4.682720436611248,-6.033694702143426
2020-12-18,535.16,536.2,522.82,530.88,8551616,-3.9741154750339547,-5.621778856721532
2020-12-17,534.67,535.18,527.14,533.65,5784597,-3.1526829213761403,-5.127959669652454
2020-12-16,536.8999,537.49,528.5,529.7,5577867,-2.788282112426259,-4.660024158207215
2020-12-15,537.59,538.56,527.47,534.42,4837148,-2.0944833918823633,-4.146916004942245
2020-12-14,523.515,535.55,523.1,532.35,6753947,-1.6921683442552649,-3.655966472804849
2020-12-11,518.69,520.8,512.92,520.53,5231641,-2.3005862602824436,-3.384890430300368
2020-12-10,514.76,522.7499,513.975,518.89,5194118,-2.881875667309032,-3.2842874777021014
2020-12-09,532.02,536.56,514.7295,517.23,10032530,-3.4368816053804494,-3.314806303237771
2020-12-08,543.4,543.95,531.26,534.0,6798022,-2.494770797825254,-3.1507992021552678
2020-12-07,544.05,549.25,540.0,544.27,5581081,-0.9089600990532745,-2.7024313815348693
2020-12-04,537.94,542.3999,535.5476,542.33,5056085,0.18908486550094494,-2.1241281321277063
2020-12-03,543.5,546.4,533.16,535.84,4988016,0.5295008933937879,-1.5934023270234074
2020-12-02,534.02,546.9377,529.37,541.78,7084030,1.2640205631856816,-1.0219177489815898
2020-12-01,539.69,541.15,529.13,535.6,7412379,1.3321026912199159,-0.5511136609412888
2020-11-30,530.6,536.5,518.8941,536.06,7173800,1.4069578890677121,-0.15949935093948858
2020-11-27,535.0,536.3,526.8218,530.45,4181880,1.002050048189858,0.07281052888638076
2020-11-25,521.3,530.7756,520.8,529.39,6497910,0.5888367819956102,0.17601577950822667
2020-11-24,525.7,526.48,515.4,518.31,8568883,-0.6254908400312615,0.015714455600329025
2020-11-23,526.8452,535.3,520.62,525.6,9033855,-0.9882205628153997,-0.18507254808281673
2020-11-20,538.16,539.7799,522.6,523.51,8527245,-1.427872390491757,-0.4336325165646048
2020-11-19,528.51,539.5,524.0,537.61,14148355,-0.631270575816643,-0.4731601284150124
2020-11-18,538.61,544.23,527.4,537.15,12773133,-0.03665353496501211,-0.3858588097250124
2020-11-17,542.1,543.85,532.1549,536.89,7800699,0.40889148034568734,-0.22690875171087246
2020-11-16,526.9,545.98,526.2401,540.61,10344370,1.0500576150724328,0.028484521645788574
2020-11-13,545.0911,546.7499,522.37,531.88,8669058,0.8440190298574635,0.19159142328812356
2020-11-12,539.1569,550.64,532.64,538.27,9165875,1.182717927140743,0.3898167240586475
2020-11-11,522.15,537.395,517.93,536.72,10118586,1.3109553204295707,0.5740444433328322
2020-11-10,544.26,544.26,505.13,510.8,16101680,-0.6712057568562386,0.32499440329501805
2020-11-09,582.1,587.66,544.43,545.23,14574447,0.5300208151488732,0.3659996856657891
2020-11-06,564.39,583.55,555.8,582.48,9583732,4.436622593042898,1.1801242671412109
2020-11-05,566.5,573.56,559.64,566.4,7975708,6.164055637341335,2.1769105411812357
2020-11-04,535.57,553.1,533.475,551.77,10255732,6.280146419770517,2.9975577168990926
2020-11-03,508.34,524.2,504.11,520.78,6822527,3.8273953641835305,3.16352524635598
2020-11-02,506.31,513.4663,495.8,503.23,7491316,0.46210726804929436,2.623241650694643
2020-10-30,514.0,517.455,492.0,501.36,10434900,-2.3289544285579495,1.6328024348441246
2020-10-29,513.54,527.71,510.0,520.96,8002046,-2.925610123295087,0.7211199232162824
2020-10-28,527.92,530.4,504.36,505.08,9412952,-4.626515751669899,-0.348407211760954
2020-10-27,532.24,537.68,527.66,535.87,6262992,-3.4502279590669787,-0.9687713612221589
2020-10-26,537.08,547.7117,521.54,525.65,8422358,-3.3045867772946167,-1.4359344444366506
2020-10-23,538.0,543.73,531.65,543.61,5837107,-1.7201147770194893,-1.4927705109532183
2020-10-22,540.9,544.47,529.27,534.44,7261986,-1.1906268591171738,-1.4323417805860095
2020-10-21,545.0,551.66,539.1001,540.99,5489933,-0.23971037803573836,-1.1938155000759552
2020-10-20,543.34,551.99,540.2801,545.82,5730301,0.893340544498642,-0.7763842911610358
2020-10-19,556.115,559.3399,536.27,539.91,7451714,1.299424993270577,-0.36122243427471323
2020-10-16,561.47,564.86,551.7,552.46,6065990,2.6039136640375773,0.2318047853877449
2020-10-15,552.4272,560.23,550.71,558.8,6680628,4.102029703367407,1.0058497689836774
2020-10-14,571.62,573.71,558.4,563.81,6916178,5.628678683430735,1.930415551873089
2020-10-13,571.86,573.9399,560.745,569.93,8615078,7.248831830962558,2.994098807690983
2020-10-12,559.58,573.88,556.5,569.04,10868595,8.364577666425248,4.0681945794378365
2020-10-09,550.68,552.97,546.43,550.51,8672273,7.665238048438255,4.78760327323792
2020-10-08,563.0,563.38,550.32,553.55,9472522,7.2724763756741595,5.284577893725168
2020-10-07,559.99,564.77,554.54,558.56,10452129,7.281538012389774,5.683969917458089
2020-10-06,553.2,565.68,546.6,549.46,19610496,6.479731169219576,5.843122167810387
2020-10-05,529.44,545.77,528.9106,545.7,11995457,5.477748814379879,5.770047497124286
2020-10-02,529.0,540.78,522.04,522.49,13812397,2.778785444469804,5.171795086593389
2020-10-01,550.32,550.5095,538.4301,544.58,13125059,2.3947111752302135,4.6163783043207545
2020-09-30,526.3,544.9,526.01,541.22,17229603,1.7984739423474139,4.052797431926086
2020-09-29,517.5,537.71,517.33,529.03,15575124,0.33841942721312535,3.309921830983494
2020-09-28,521.61,522.07,510.0,521.4,14345228,-1.4180155282591613,2.364334359134963
2020-09-25,497.9,515.34,489.83,514.95,14700407,-3.2925099745322086,1.2329654924015285
2020-09-24,482.89,502.78,480.56,493.92,18281008,-6.401216335862614,-0.2938708732512999
2020-09-23,503.02,509.08,483.17,484.95,16175308,-9.479419709145759,-2.130980640430192
2020-09-22,503.0,505.9199,486.222,505.51,16161302,-10.142975973579723,-3.7333797070600987
2020-09-21,477.0,500.9,476.18,500.69,18026061,-10.931768192454342,-5.173057404138948
2020-09-18,503.75,505.3,479.55,487.57,17461548,-12.471798925846656,-6.632805708480491
2020-09-17,485.2894,503.59,481.39,498.54,19812794,-12.66114723348062,-7.838474013480518
2020-09-16,518.29,523.71,500.55,500.58,13939985,-12.502475426259593,-8.771274296036333
2020-09-15,531.2,531.95,513.11,519.64,18188914,-10.715225714889698,-9.160064579807006
2020-09-14,523.24,532.6,505.2457,514.89,30043624,-9.571765391567055,-9.242404742159017
2020-09-11,499.42,506.1,475.83,486.58,15923172,-10.825159549743603,-9.558955703675935
2020-09-10,519.57,522.61,486.68,492.47,17467111,-11.213942328374799,-9.889953028615707
2020-09-09,496.0,512.37,489.27,508.6,18404957,-10.104026359172849,-9.932767694727136
2020-09-08,469.38,502.0,468.17,476.52,19893237,-11.678376795163672,-10.281889514814445
2020-09-04,511.35,527.0,468.19,504.9,36592071,-10.514823697490726,-10.328476351349703
2020-09-03,553.1454,555.38,515.15,520.62,23628151,-8.229363877975004,-9.908653856674764
2020-09-02,588.15,589.0699,556.0,573.86,21850322,-2.097914003676692,-8.34650588607515
2020-09-01,539.2,559.75,537.46,552.84,12811849,1.0530272255163027,-6.46659926375686
2020-08-31,527.3114,543.0,521.51,534.98,12521030,2.0849837187528237,-4.756282667254924
2020-08-28,506.9965,525.92,505.7,525.91,13428963,2.1462033790520536,-3.3757854579935285
2020-08-27,511.26,514.0,502.6573,505.13,7940073,0.5120455245394169,-2.5982192614869395
2020-08-26,511.9694,514.7396,507.11,510.92,8031073,-0.312232515600499,-2.1410219123096517
2020-08-25,505.23,510.45,502.95,510.0,7226920,-1.0278665069853332,-1.9183908312447882
2020-08-24,515.35,516.5,500.3,508.81,12264105,-1.67176360556914,-1.8690653861096587
2020-08-21,488.07,512.348,487.8064,507.34,24996738,-2.274454909524252,-1.9501432907925773
2020-08-20,479.0,495.0,475.15,485.64,23034656,-4.451783368069982,-2.4504713062480583
2020-08-19,491.86,492.6,483.92,485.54,15565558,-6.114912121995417,-3.18335946939753
2020-08-18,498.0,499.84,483.45,490.43,12586155,-6.958162147184851,-3.9383200049549947
2020-08-17,474.05,496.39,472.6876,493.48,15417858,-7.296227982906657,-4.609901600545328
2020-08-14,461.2,468.19,457.62,462.56,9160904,-9.94449918772682,-5.676821117981627
2020-08-13,461.84,468.87,454.23,457.72,9361489,-12.292124784805537,-6.999881851346409
2020-08-12,439.63,458.68,438.33,457.61,11623573,-14.00012632343072,-8.399930745763271
2020-08-11,442.95,445.47,431.83,434.0,8862763,-17.062177371374332,-10.132380070885484
2020-08-10,453.37,456.33,434.26,446.6,10694898,-18.261651242311643,-11.758234305170717
2020-08-07,452.5,460.19,441.5,447.98,8562899,-18.883214517350154,-13.183230347606607
2020-08-06,453.99,454.32,447.15,453.42,6107892,-18.72104084944749,-14.290792447974784
2020-08-05,449.76,454.8672,446.65,451.47,6262493,-18.53619206861839,-15.139872372103506
2020-08-04,442.0,449.11,436.2401,449.11,7758390,-18.368390977443255,-15.785576093171457
2020-08-03,429.3,443.95,428.61,440.41,10325456,-18.721613587178467,-16.372783591972862
2020-07-31,422.53,430.66,417.32,424.59,9657150,-20.046997528285203,-17.10762637923533
2020-07-30,415.0,424.9218,411.81,424.56,7722004,-20.859341100055076,-17.85796932339928
2020-07-29,415.632,420.65,413.88,418.62,7112692,-21.73192548135563,-18.632760554990554
2020-07-28,414.97,415.28,408.37,408.62,6790901,-22.965637740421812,-19.49933599207681
2020-07-27,409.29,417.67,408.71,416.86,7303255,-23.013182812448974,-20.202105356151243
2020-07-24,395.0,414.59,391.08,407.78,11832300,-23.51250521574707,-20.86418532807041
2020-07-23,418.0,421.88,401.25,405.19,10291532,-23.84237313610032,-21.459822889676392
2020-07-22,414.7,424.1,411.6623,417.55,9182271,-22.843125801492818,-21.736483472039676
2020-07-21,420.52,422.4,411.47,413.14,6866718,-22.151714062965596,-21.81952959022486
2020-07-20,410.97,421.25,406.27,420.43,7039983,-20.776030061977394,-21.610829684575368
2020-07-17,409.02,409.94,403.51,408.06,6657123,-20.448231712918584,-21.37831009024401
2020-07-16,400.6,408.27,395.82,405.39,8624118,-20.171372815930397,-21.13692263538129
2020-07-15,416.57,417.32,402.23,409.09,10099623,-19.42943068506014,-20.79542424531706
2020-07-14,403.0,416.11,391.42,415.08,13567356,-18.148884221443154,-20.26611624054228
2020-07-13,423.8,431.69,401.0,402.09,11426932,-17.975021502410527,-19.807897292915932
2020-07-10,423.55,426.21,415.15,419.17,12441869,-16.27145360000702,-19.10060855433415
2020-07-09,415.21,422.8,409.34,420.36,12367718,-14.656390957383167,-18.211765034943955
2020-07-08,399.75,409.0,398.62,408.64,9437346,-14.158932864644953,-17.401198600884157
2020-07-07,397.85,402.8,394.03,394.87,8945039,-14.70629267387119,-16.862217415481563
2020-07-06,389.67,396.35,388.5,393.57,7903881,-15.07124645404707,-16.504023223194665
2020-07-02,385.56,389.5,383.13,384.49,9101892,-15.909757290890866,-16.385170036733907
2020-07-01,380.83,383.03,376.52,381.2,8237180,-16.64785259279546,-16.437706547946217
2020-06-30,372.56,381.05,370.66,379.91,9197300,-17.139319252774328,-16.57802908891184
2020-06-29,366.79,368.18,356.0,368.0,8556203,-18.279137071814432,-16.91825068549236
2020-06-26,380.0,380.0,365.0,366.2,14802144,-19.107437219816575,-17.356087992357203
2020-06-25,374.23,380.2,367.29,379.6,9401800,-18.46969588597426,-17.578809571080615
2020-06-24,379.05,382.26,365.78,369.42,11234272,-18.57163990206965,-17.77737563727842
2020-06-23,382.04,385.7,376.3,378.0,9377685,-17.755423505539568,-17.772985210930653
2020-06-22,372.0,381.25,370.93,381.07,9961662,-16.66869643127194,-17.55212745499891
2020-06-19,369.7,377.8,369.09,370.45,13104013,-16.474494918027858,-17.3366009476047
2020-06-18,369.08,371.3,364.58,368.72,6360238,-16.272604901463012,-17.123801738376365
2020-06-17,364.55,371.96,362.81,369.44,10207641,-15.871550274223239,-16.87335144554574
2020-06-16,369.0,370.67,353.55,362.74,13392875,-15.910934252605443,-16.68086800695768
2020-06-15,352.61,367.29,349.75,366.95,10000054,-15.424629002020481,-16.42962020597024
2020-06-12,366.5,367.49,348.13,357.3,14272704,-15.637641936724322,-16.27122455212106
2020-06-11,366.0,370.45,351.44,351.85,14591256,-16.0610835016721,-16.22919634203127
2020-06-10,366.71,380.0,366.14,374.67,15804537,-14.389408562509573,-15.861238786126929
2020-06-09,352.0,364.39,350.05,361.84,11712221,-13.939185649347905,-15.476828158771125
2020-06-08,355.09,355.59,347.43,352.2,9693431,-14.19659863021161,-15.220782253059223
2020-06-05,351.78,359.88,348.32,356.8,12043651,-13.869539300344627,-14.950533662516305
2020-06-04,349.12,357.73,347.1,350.66,10606960,-13.945039377510398,-14.749434805515124
2020-06-03,352.89,354.65,348.0,350.78,9135972,-13.835701382383832,-14.566688120888866
2020-06-02,351.85,353.49,346.32,353.01,9783014,-13.414474162471095,-14.336245329205312
2020-06-01,353.33,353.63,347.58,352.25,9762775,-12.992208116528388,-14.067437886669929
2020-05-29,342.18,355.02,339.4,355.02,18647994,-12.292344882624263,-13.712419285860797
2020-05-28,336.49,350.42,335.17,339.48,18403204,-12.84359340440733,-13.538654109570103
2020-05-27,345.0,345.31,319.87,341.01,29397306,-13.007066253047526,-13.43233653826559
2020-05-26,366.27,367.27,346.88,348.71,19269476,-12.37266958171955,-13.220403146956382
2020-05-22,353.01,363.72,348.53,361.05,25969125,-10.750248604676642,-12.726372238500435
2020-05-21,362.06,362.1,349.5,351.01,17552200,-10.157522783863214,-12.212602347572993
2020-05-20,359.64,361.72,355.55,358.8,14688405,-8.955956710190435,-11.561273220096481
2020-05-19,351.61,363.5,350.51,352.22,17933049,-8.43739688939047,-10.93649795395528
2020-05-18,350.42,356.66,347.22,350.01,19410086,-8.111261452702308,-10.371450653704686
2020-05-15,315.59,340.02,314.96,339.63,24691543,-8.591340396007013,-10.015428602165152
2020-05-14,313.67,321.44,307.5,321.22,15057809,-10.338167597786935,-10.07997640128951
2020-05-13,316.7,323.14,303.79,311.2,15646252,-12.388266771856308,-10.54163447540287
2020-05-12,324.94,326.9,311.71,312.1,12326482,-13.781498127359555,-11.189607205794207
2020-05-11,312.3,324.5,311.15,322.62,11726504,-13.876804766259738,-11.727046717887314
2020-05-08,307.75,312.75,306.39,312.5,8497678,-14.600628431879443,-12.30176306068574
2020-05-07,303.38,307.41,301.32,304.87,9343263,-15.609998786061453,-12.963410205760884
2020-05-06,296.93,302.0,295.41,297.79,8086639,-16.787710615850074,-13.728270287778722
2020-05-05,295.47,300.27,291.29,293.74,9222391,-17.842183295988207,-14.551052889420621
2020-05-04,280.88,291.84,280.88,291.29,7938880,-18.660448976483963,-15.37293210683329
2020-05-01,284.35,288.9,280.84,282.78,8552445,-19.767746031271486,-16.25189489172093
2020-04-30,296.29,298.46,291.72,292.28,9397943,-19.652178241930926,-16.93195156176293
2020-04-29,296.77,300.58,293.75,298.46,9479047,-18.84468577743985,-17.314498404898316
2020-04-28,303.0,304.2,291.14,291.36,11072603,-18.56366249867972,-17.564331223654598
2020-04-27,294.99,303.5,294.0,297.08,11984699,-17.67563955949521,-17.586592890822722
2020-04-24,283.6,289.67,280.6,289.59,8816137,-17.37595617911427,-17.544465548481032
2020-04-23,287.84,293.14,283.0,284.01,10603988,-17.388273118370023,-17.51322706245883
2020-04-22,277.23,287.87,275.4,286.15,12118228,-17.0290539326773,-17.416392436502527
2020-04-21,282.31,284.77,267.11,269.51,18378996,-17.88095851445445,-17.509305652092912
2020-04-20,287.24,293.5,285.27,287.05,11234705,-16.94543123790436,-17.3965307692552
2020-04-17,298.0,298.86,286.94,292.32,13478049,-15.598959084049909,-17.03701643221414
2020-04-16,287.08,299.0,286.55,294.7,18640510,-14.176407293035197,-16.464894604378355
2020-04-15,277.2,284.17,275.38,280.84,9153721,-14.005958940610185,-15.973107471624722
2020-04-14,275.0,285.32,273.89,283.95,13273667,-13.464713548361374,-15.471428686972054
2020-04-13,260.55,270.2,257.0,269.85,9960182,-14.01200318636171,-15.179543586849986
2020-04-09,272.0,272.92,260.42,262.95,13156195,-14.831537766716849,-15.109942422823359
2020-04-08,263.41,267.95,260.6,266.95,13561113,-14.985514571647911,-15.08505685258827
2020-04-07,277.3,278.25,257.3,259.03,19613047,-15.56717144648968,-15.181479771368553
2020-04-06,255.24,269.88,252.93,268.4,18197062,-15.09801747154819,-15.164787311404481
2020-04-03,253.96,255.63,238.39,243.91,16580346,-16.51200774791539,-15.434231398706665
2020-04-02,244.24,256.0,242.31,255.47,16894113,-16.509498616887868,-15.649284842342906
2020-04-01,255.65,261.53,241.28,243.07,16422828,-17.30856412828348,-15.981140699531021
2020-03-31,267.2,275.4,257.75,263.6,23749014,-16.09964321409734,-16.004841202444286
2020-03-30,255.36,265.96,253.59,265.59,15056253,-14.810264797409047,-15.765925921437239
2020-03-27,250.0,263.12,248.68,252.73,15970744,-14.657159031657159,-15.544172543481224
2020-03-26,253.94,262.22,250.0,257.24,17439692,-14.010399140749996,-15.23741786293498
2020-03-25,253.8,261.82,243.66,245.62,19835767,-14.27096732718178,-15.044127755784341
2020-03-24,229.0,252.66,228.05,249.18,27541095,-14.028495480913989,-14.841001300810271
2020-03-23,205.71,216.48,198.52,212.69,16096866,-16.589538957702302,-15.19070883218868
2020-03-20,219.0,230.32,205.13,205.75,20115854,-18.96061816079623,-15.94469069791019
2020-03-19,201.96,216.73,193.39,212.97,19137847,-20.026271460533167,-16.761006850434786
2020-03-18,200.1,209.94,180.68,202.82,21727385,-21.442652006360817,-17.697335881619992
